,,SysConst,AvgTime,Oxygen,,,,,,,,,,,,,,,,,,,,,,,,,,,,,,,,,,,,,,,,,,,,,,,,,,,,,,,,,,,,,,,,,,,,,,,,,,,,,,,,,,,,,,,,,,,,,,,,,,,,,,,,,,,,,,,,,,,,,,,,,,,,,,,,,,,,,,,,,,,,,,,,,,,,,,,,,,,,,,,,,,,,,,,,,,,,,,,,,,,,,,,,,,,,,,,,,,,,,,,,,,,,,,,,,,,,,,,,,,,,,,,,,,,,,,,,,,,,,,,,,,,,,,,,,,,,,,,,,,,,,,,,,,,,,,,,,,,,,,,,,,,,,,,,,,,,,,
,,,5,21,,,,,,,,,,,,,,,,,,,,,,,,,,,,,,,,,,,,,,,,,,,,,,,,,,,,,,,,,,,,,,,,,,,,,,,,,,,,,,,,,,,,,,,,,,,,,,,,,,,,,,,,,,,,,,,,,,,,,,,,,,,,,,,,,,,,,,,,,,,,,,,,,,,,,,,,,,,,,,,,,,,,,,,,,,,,,,,,,,,,,,,,,,,,,,,,,,,,,,,,,,,,,,,,,,,,,,,,,,,,,,,,,,,,,,,,,,,,,,,,,,,,,,,,,,,,,,,,,,,,,,,,,,,,,,,,,,,,,,,,,,,,,,,,,,,,,,
,,ChambConst,Chamber,Aperture,blc_a,blc_b,blc_c,blc_d,blc_e,blc_minS,blc_maxS,blc_Po,,,,,,,,,,,,,,,,,,,,,,,,,,,,,,,,,,,,,,,,,,,,,,,,,,,,,,,,,,,,,,,,,,,,,,,,,,,,,,,,,,,,,,,,,,,,,,,,,,,,,,,,,,,,,,,,,,,,,,,,,,,,,,,,,,,,,,,,,,,,,,,,,,,,,,,,,,,,,,,,,,,,,,,,,,,,,,,,,,,,,,,,,,,,,,,,,,,,,,,,,,,,,,,,,,,,,,,,,,,,,,,,,,,,,,,,,,,,,,,,,,,,,,,,,,,,,,,,,,,,,,,,,,,,,,,,,,,,,,,,,,,,,,
,,,6800-01A,6 cm²,0.578,0.5229739,0.003740252,-0.06197961,-0.005608586,1,6,96.9,,,,,,,,,,,,,,,,,,,,,,,,,,,,,,,,,,,,,,,,,,,,,,,,,,,,,,,,,,,,,,,,,,,,,,,,,,,,,,,,,,,,,,,,,,,,,,,,,,,,,,,,,,,,,,,,,,,,,,,,,,,,,,,,,,,,,,,,,,,,,,,,,,,,,,,,,,,,,,,,,,,,,,,,,,,,,,,,,,,,,,,,,,,,,,,,,,,,,,,,,,,,,,,,,,,,,,,,,,,,,,,,,,,,,,,,,,,,,,,,,,,,,,,,,,,,,,,,,,,,,,,,,,,,,,,,,,,,,,,,,,,,,,
,,LTConst,deltaTw,fT1,fT2,fTeb,,,,,,,,,,,,,,,,,,,,,,,,,,,,,,,,,,,,,,,,,,,,,,,,,,,,,,,,,,,,,,,,,,,,,,,,,,,,,,,,,,,,,,,,,,,,,,,,,,,,,,,,,,,,,,,,,,,,,,,,,,,,,,,,,,,,,,,,,,,,,,,,,,,,,,,,,,,,,,,,,,,,,,,,,,,,,,,,,,,,,,,,,,,,,,,,,,,,,,,,,,,,,,,,,,,,,,,,,,,,,,,,,,,,,,,,,,,,,,,,,,,,,,,,,,,,,,,,,,,,,,,,,,,,,,,,,,,,,,,,,,,,,,,,,,,,
,,,0,1,0,0,,,,,,,,,,,,,,,,,,,,,,,,,,,,,,,,,,,,,,,,,,,,,,,,,,,,,,,,,,,,,,,,,,,,,,,,,,,,,,,,,,,,,,,,,,,,,,,,,,,,,,,,,,,,,,,,,,,,,,,,,,,,,,,,,,,,,,,,,,,,,,,,,,,,,,,,,,,,,,,,,,,,,,,,,,,,,,,,,,,,,,,,,,,,,,,,,,,,,,,,,,,,,,,,,,,,,,,,,,,,,,,,,,,,,,,,,,,,,,,,,,,,,,,,,,,,,,,,,,,,,,,,,,,,,,,,,,,,,,,,,,,,,,,,,,,,
,,LQConst,Leaf,Ambient,abs_ambient,abs_redLED,abs_greenLED,abs_blueLED,abs_whiteLED,abs_redFlr,abs_blueFlr,k_ambient,k_redLED,k_greenLED,k_blueLED,k_whiteLED,k_redFlr,k_blueFlr,,,,,,,,,,,,,,,,,,,,,,,,,,,,,,,,,,,,,,,,,,,,,,,,,,,,,,,,,,,,,,,,,,,,,,,,,,,,,,,,,,,,,,,,,,,,,,,,,,,,,,,,,,,,,,,,,,,,,,,,,,,,,,,,,,,,,,,,,,,,,,,,,,,,,,,,,,,,,,,,,,,,,,,,,,,,,,,,,,,,,,,,,,,,,,,,,,,,,,,,,,,,,,,,,,,,,,,,,,,,,,,,,,,,,,,,,,,,,,,,,,,,,,,,,,,,,,,,,,,,,,,,,,,,,,,,,,,,,,,,
,,,standard,Sun+Sky,0.8,0.84,0.7,0.87,0.75,0.84,0.87,0.39,0.18,0.23,0.26,0.21,0.19,0.25,,,,,,,,,,,,,,,,,,,,,,,,,,,,,,,,,,,,,,,,,,,,,,,,,,,,,,,,,,,,,,,,,,,,,,,,,,,,,,,,,,,,,,,,,,,,,,,,,,,,,,,,,,,,,,,,,,,,,,,,,,,,,,,,,,,,,,,,,,,,,,,,,,,,,,,,,,,,,,,,,,,,,,,,,,,,,,,,,,,,,,,,,,,,,,,,,,,,,,,,,,,,,,,,,,,,,,,,,,,,,,,,,,,,,,,,,,,,,,,,,,,,,,,,,,,,,,,,,,,,,,,,,,,,,,,,,,,,,,,,
,,QConst,fQ_Amb_in,fQ_Amb_out,fQ_HeadLS,fQ_ConsoleLS,fQ_Flr,,,,,,,,,,,,,,,,,,,,,,,,,,,,,,,,,,,,,,,,,,,,,,,,,,,,,,,,,,,,,,,,,,,,,,,,,,,,,,,,,,,,,,,,,,,,,,,,,,,,,,,,,,,,,,,,,,,,,,,,,,,,,,,,,,,,,,,,,,,,,,,,,,,,,,,,,,,,,,,,,,,,,,,,,,,,,,,,,,,,,,,,,,,,,,,,,,,,,,,,,,,,,,,,,,,,,,,,,,,,,,,,,,,,,,,,,,,,,,,,,,,,,,,,,,,,,,,,,,,,,,,,,,,,,,,,,,,,,,,,,,,,,,,,,,,
,,,0,0,0,0,1,,,,,,,,,,,,,,,,,,,,,,,,,,,,,,,,,,,,,,,,,,,,,,,,,,,,,,,,,,,,,,,,,,,,,,,,,,,,,,,,,,,,,,,,,,,,,,,,,,,,,,,,,,,,,,,,,,,,,,,,,,,,,,,,,,,,,,,,,,,,,,,,,,,,,,,,,,,,,,,,,,,,,,,,,,,,,,,,,,,,,,,,,,,,,,,,,,,,,,,,,,,,,,,,,,,,,,,,,,,,,,,,,,,,,,,,,,,,,,,,,,,,,,,,,,,,,,,,,,,,,,,,,,,,,,,,,,,,,,,,,,,,,,,,,,,
,,LeakConst,fan_a,fan_b,fan_c,fan_d,Fs_meas,Fs_true,leak_wt,,,,,,,,,,,,,,,,,,,,,,,,,,,,,,,,,,,,,,,,,,,,,,,,,,,,,,,,,,,,,,,,,,,,,,,,,,,,,,,,,,,,,,,,,,,,,,,,,,,,,,,,,,,,,,,,,,,,,,,,,,,,,,,,,,,,,,,,,,,,,,,,,,,,,,,,,,,,,,,,,,,,,,,,,,,,,,,,,,,,,,,,,,,,,,,,,,,,,,,,,,,,,,,,,,,,,,,,,,,,,,,,,,,,,,,,,,,,,,,,,,,,,,,,,,,,,,,,,,,,,,,,,,,,,,,,,,,,,,,,,,,,,,,,,
,,,-6276,6.6,0.00001709,3.11,-0.196952 187.811 338.37 551.855 819.284 1030.05 1219.04 1365.72,-0.212198 221.308 385.195 585.002 808.764 1001.96 1201.22 1400.81,0,,,,,,,,,,,,,,,,,,,,,,,,,,,,,,,,,,,,,,,,,,,,,,,,,,,,,,,,,,,,,,,,,,,,,,,,,,,,,,,,,,,,,,,,,,,,,,,,,,,,,,,,,,,,,,,,,,,,,,,,,,,,,,,,,,,,,,,,,,,,,,,,,,,,,,,,,,,,,,,,,,,,,,,,,,,,,,,,,,,,,,,,,,,,,,,,,,,,,,,,,,,,,,,,,,,,,,,,,,,,,,,,,,,,,,,,,,,,,,,,,,,,,,,,,,,,,,,,,,,,,,,,,,,,,,,,,,,,,,,,,,,,,,,,,
,,SysObs,SysObs,SysObs,SysObs,SysObs,SysObs,UserDefCon,UserDefCon,UserDefCon,UserDefCon,UserDefCon,UserDefCon,GasEx,GasEx,GasEx,GasEx,GasEx,GasEx,GasEx,GasEx,GasEx,GasEx,GasEx,GasEx,GasEx,GasEx,GasEx,GasEx,GasEx,GasEx,GasEx,GasEx,GasEx,GasEx,GasEx,GasEx,GasEx,GasEx,Dynamic,Dynamic,Dynamic,Dynamic,Dynamic,Dynamic,Dynamic,Dynamic,Dynamic,Dynamic,Leak,Leak,Leak,Leak,Leak,FLR,FLR,FLR,FLR,FLR,FLR,FLR,FLR,FLR,FLR,FLR,FLR,FLR,FLR,FLR,FLR,FLR,FLR,FLR,FLR,FLR,FLR,FLR,FLR,FLR,FLR,FLR,FLR,MPF,MPF,MPF,MPF,MPF,MPF,MPF,MPF,MPF,MPF,MPF,MPF,MPF,MPF,MPF,MPF,MPF,MPF,MPF,MPF,MPF,FastKntcs,FastKntcs,FastKntcs,FastKntcs,FastKntcs,FastKntcs,FastKntcs,FastKntcs,FastKntcs,FastKntcs,FastKntcs,FastKntcs,FastKntcs,LeafQ,LeafQ,LeafQ,LeafQ,Const,Const,Const,Const,Const,Meas,Meas,Meas,Meas,Meas,Meas,Meas,Meas,Meas,Meas,Meas,Meas,Meas,Meas,Meas,Meas,Meas,Meas,Meas2,Meas2,Meas2,Meas2,Meas2,Meas2,Meas2,Meas2,Meas2,Meas2,FlrLS,FlrLS,FlrLS,FlrLS,FlrLS,FlrLS,FlrLS,FlrLS,FlrLS,FlrLS,FlrLS,FlrLS,FlrLS,FlrLS,FlrLS,FlrLS,FlrLS,FlrLS,FlrStats,FlrStats,FlrStats,FlrStats,FlrStats,MchEvent,MchEvent,MchEvent,MchEvent,MchEvent,MchEvent,MchEvent,MchEvent,MchEvent,MchEvent,MchEvent,MchEvent,MchEvent,Stability,Stability,Stability,Stability,Stability,Stability,Stability,Stability,Stability,Stability,Stability,Raw,Raw,Raw,Raw,Raw,Raw,Raw,Raw,Raw,Raw,Raw,Raw,Raw,Raw,Raw,Raw,Raw,Raw,Status2,Status2,Status2,Status2,Status2,Status2,Status2,Status2,Status2,Status2,Status2,Status2,Status2,Status2,Status2,Status2,Status2,Status2,Status2,Auxiliary,Auxiliary,Auxiliary,Auxiliary,Auxiliary,Auxiliary,Auxiliary,Auxiliary,Auxiliary,Auxiliary,Auxiliary,Auxiliary,Auxiliary,Auxiliary,Auxiliary,Auxiliary,Auxiliary,Auxiliary,Auxiliary,MchStatus,MchStatus,MchStatus,MchStatus,MchStatus,MchStatus,MchStatus,MchStatus,MchStatus,MchStatus,MchStatus,MchStatus,MchStatus,MchStatus,MchStatus,MchStatus,MchStatus,MchStatus,ConStatus,ConStatus,ConStatus,ConStatus,ConStatus,ConStatus,ConStatus,ConStatus,Status,Status,Status,Status,Status,Status,Status,Status,Status,Status,Status,Status,Status,Status,Status,Status
leaf_lk,lightdark,obs,time,elapsed,date,hhmmss,averaging,li6800,block,row,plant,rep,notes,TIME,E,Emm,A,Ca,Ci,Pci,Pca,gsw,gbw,gtw,gtc,Rabs,TleafEB,TleafCnd,SVPleaf,RHcham,VPcham,SVPcham,VPDleaf,LatHFlux,SenHFlux,NetTherm,EBSum,Asty,Esty,Adyn,Crd,Csd,dCsd/dt,αVc,Edyn,Hr,Hs,dHs/dt,αVh,Leak,LeakPct,CorrFact,CorrFactPct,Fan,DarkAdaptedID,Qmax_d,Fo,Fm,Fv/Fm,A_dark,LightAdaptedID,Qmax,Fs,Fm',PhiPS2,PS2/1,Qabs_fs,A_fs,ETR,PhiCO2,NPQ,alt._Fo',DarkPulseID,Fmin,Fo',Fv'/Fm',qP,qN,qP_Fo,qN_Fo,qL,1-qL,ID,P1_dur,P1_Fmax,T@P1_Fmax,Q@P1_Fmax,P1_PredF,P1_ΔF,P2_dur,P2_ramp,P2_int,P2_int_se,P2_slp,P2_slp_se,P2_R2,P2_dQdt,P3_dur,P3_Fmax,T@P3_Fmax,Q@P3_Fmax,P3_PredF,P3_ΔF,ID,Dur,DCo,InitSlope,Fo,F1,T@F1,T@HIR,F2,T@F2,DCmax,T@DCmax,PhiPS2_dc,Qin,Qabs,alpha,convert,S,K,Geometry,Custom,UseDynamic,TIME,CO2_s,CO2_r,H2O_s,H2O_r,CO2_a,H2O_a,Flow,Pa,ΔPcham,Tair,Tleaf,Tleaf2,Offset,Offset2,Fan_speed,Qamb_in,Qamb_out,ΔCO2,CO2_s_d,CO2_r_d,ΔH2O,CO2_b,H2O_b,e_s,e_r,Td_s,Td_r,Q,f_red,f_blue,f_farred,F,Q_modavg,F_dc,Pc,Tled,TDigital,TPreamp,TPwrSpy,TDrive,Q_red,Q_blue,Q_farred,TSPF,state,F_avg,dF/dt,dF_dc/dt,F_dc_avg,period,time,hhmmss,co2_t,h2o_t,count,co2_adj,h2o_adj,co2_match,h2o_match,co2_at,h2o_at,co2_cv,h2o_cv,A:MN,A:SLP,A:SD,A:OK,gsw:MN,gsw:SLP,gsw:SD,gsw:OK,Stable,Total,State,Vflow,VPchamber,abs_c_a,abs_c_b,abs_h_a,abs_h_b,Wc_s,Wc_r,Wco_s,Wco_r,Ww_s,Ww_r,Wwo_s,Wwo_r,Flow_s_v,Flow_r_v,Tleaf_mv,Tleaf2_mv,Tleaf_j,Tleaf2_j,Console_RH,Console_T,Console_H2O,Fan_%,Flow_%,Pump,Tchp_pwm,Txchg_pwm,diag_20v,diag_5_4v,diag_12v,diag_5va,diag_3_3vf,AccCO2_soda,AccH2O_des,AccH2O_hum,CO2_hrs,ADC_CH1,ADC_CH2,ADC_CH3,ADC_CH4,ADC_CH5,ADC_CH6,ADC_CH7,ADC_CH8,DAC_1,DAC_2,DAC_3,DAC_4,GPIO,GPIO_dir,excit_5v,power_12v,power_5v,ch1_pullup,AuxPower,MatchValveR,MatchValveS,MatchCO2,MatchH2O,cf_co2_a,cf_co2_b,cf_co2_c,cf_co2_d,cf_h2o_a,cf_h2o_b,cf_h2o_c,cf_h2o_d,co2_fit_low,co2_fit_high,h2o_fit_low,h2o_fit_high,co2_elapsed,h2o_elapsed,CO2_f,CO2_f_s,Pump_f,Pump_f_s,Pump_p,Pump_p_s,Tboard,V_system,DIAG,Flow_s,Flow_r,Txchg,Tirga,Tchopper,Ts,Tr,CO2_%,Desiccant_%,Humidifier_%,Txchg_sp,CO2_r_sp,H2O_r_sp,SS_s,SS_r
,,,s,s,,,s,,,,,,,s,mol m⁻² s⁻¹,mmol m⁻² s⁻¹,µmol m⁻² s⁻¹,µmol mol⁻¹,µmol mol⁻¹,Pa,Pa,mol m⁻² s⁻¹,mol m⁻² s⁻¹,mol m⁻² s⁻¹,mol m⁻² s⁻¹,W m⁻²,°C,°C,kPa,%,kPa,kPa,kPa,W m⁻²,W m⁻²,W m⁻²,W m⁻²,µmol m⁻² s⁻¹,mmol m⁻² s⁻¹,µmol m⁻² s⁻¹,µmol mol⁻¹,µmol mol⁻¹,µmol mol⁻¹ s⁻¹,cm³,mmol m⁻² s⁻¹,mmol mol⁻¹,mmol mol⁻¹,mmol mol⁻¹ s⁻¹,cm³,µmol s⁻¹,%,,%,µmol s⁻¹,,,,,,µmol m⁻² s⁻¹,,,,,,,µmol m⁻² s⁻¹,µmol m⁻² s⁻¹,µmol m⁻² s⁻¹,µmol µmol⁻¹,,,,,,,,,,,,,,ms,,ms,µmol m⁻² s⁻¹,,,ms,%,,,centimol m⁻² s⁻¹,centimol m⁻² s⁻¹,,mol m⁻² s⁻²,ms,,ms,µmol m⁻² s⁻¹,,,,ms,,s⁻¹,,,ms,ms,,ms,,ms,,µmol m⁻² s⁻¹,µmol m⁻² s⁻¹,,J/µmol,cm²,,,mol m⁻² s⁻¹,,s,µmol mol⁻¹,µmol mol⁻¹,mmol mol⁻¹,mmol mol⁻¹,µmol mol⁻¹,mmol mol⁻¹,µmol s⁻¹,kPa,kPa,°C,°C,°C,°C,°C,rpm,µmol m⁻² s⁻¹,µmol m⁻² s⁻¹,µmol mol⁻¹,µmol mol⁻¹,µmol mol⁻¹,mmol mol⁻¹,µmol mol⁻¹,mmol mol⁻¹,kPa,kPa,°C,°C,µmol m⁻² s⁻¹,,,,,µmol m⁻² s⁻¹,,,°C,°C,°C,°C,°C,µmol m⁻² s⁻¹,µmol m⁻² s⁻¹,µmol m⁻² s⁻¹,s,,,min⁻¹,min⁻¹,,s,secs,,s,s,,µmol/mol,mmol/mol,µmol/mol,mmol/mol,µmol/mol,mmol/mol,%,%,µmol m⁻² s⁻¹,µmol m⁻² s⁻¹ min⁻¹,µmol m⁻² s⁻¹,,mol m⁻² s⁻¹,mol m⁻² s⁻¹ min⁻¹,mol m⁻² s⁻¹,,,,,V,V,,,,,,,,,,,,,V,V,mV,mV,°C,°C,%,°C,mmol mol⁻¹,%,%,,V,V,V,V,V,V,V,mg,mg,mg,hrs,V,V,V,V,V,V,V,V,V,V,V,V,,,,,,,V,%,%,µmol/mol,mmol/mol,µmol/mol,,,,mmol/mol,,,,µmol mol⁻¹,µmol mol⁻¹,mmol mol⁻¹,mmol mol⁻¹,min,min,V,V,V,V,V,V,°C,V,,µmol s⁻¹,µmol s⁻¹,°C,°C,°C,°C,°C,%,%,%,°C,µmol mol⁻¹,mmol mol⁻¹,%,%
2,D,1,1707836927,0,20240213 07:08:47,07:08:47,none,cabbi,1,,,1,,1707836927,0.000613646,0.613645724,-0.364455725,401.666,406.8027146,41.50608386,40.98198483,0.036468544,2.962588693,0.036220974,0.022660212,0.004750342,15.91636132,15.9086,1.814074995,5.548902719,0.101739426,1.833505303,1.712335569,-27.06177644,26.64114281,1.734803124,1.318919838,-2.369898954,0.987739843,-0.364455725,400.0646264,402.240703,-0.45949099,66.9657684,0.613645724,0.151737281,1.023446727,-0.0728816,78.46139387,18,3,1,0,55917.30968,-,-,0,0,#DIV/0!,0,-,-,0,0,#DIV/0!,0.5,0.021001512,-0.364455725,#DIV/0!,-17.35378501,#DIV/0!,#DIV/0!,-,0,#DIV/0!,#DIV/0!,#DIV/0!,#DIV/0!,#DIV/0!,#DIV/0!,#DIV/0!,#DIV/0!,,,,,,,,,,,,,,,,,,,,,,,,,,,,,,,,,,,0.0500018,0.021001512,0.42001512,0.09500342,6,0.5,0: Broadleaf,2,TRUE,1707836927,401.666,399.975,0.997152,0.151501,403.647,1.09014,700.115,101.967,0.0630071,16.0754,15.9086,999.9,0,0,9993,0,0.00152894,1.69141,402.067,400.036,0.845651,399.975,0.151501,0.101677,0.0154481,-22.4447,-41.8825,0.0500018,0,0,0,334.62,0.0500018,223.47,6.72,26.375,32.25,29.375,33.875,29.187,0,0,0,1685731336,0,337.3596,-19.9223076,8.403076832,217.1612,15,0,--:--:--,1755807718,1755807721,0,-0.117,-0.016,-2.009,0.03,420,15,0.09,0.01,-4.329077673,62.66096792,12.201908,0,0.074146257,-0.726972069,0.166766011,0,0,2,0/2,3.36143,2.75717,0.0999887,0.0990142,0.00912745,0.00134362,21580.4,22258,25415.9,26095.3,38349,38874.8,42549,42118.9,2.5364,2.6013,0.0712812,0,14.7202,999.9,37.3,17.2,7.20364,61.26,7.6843,2,-0.878368,0,20.3799,5.20854,11.9021,4.9936,3.28116,9999,9999,9999,148.5,4.97183,1.8573,1.86674,1.86172,1.86417,1.86023,1.86279,1.86019,0,0,0,0,11111111,oooooooo,on,on,on,on,0,100,100,-1.981,-0.093,-1.140465382,-0.002493248,1.1597E-06,-3.50138E-10,-0.086309181,-0.007593507,0.001367325,-2.29441E-05,2,2118,1,27,-799513.2,-799513.2,1.24878,2.42798,2.19604,2.72461,2.14966,2.3938,21.2986,15.603,18,667.943,804.824,15.6958,15.4522,30.0003,15.4381,15.4391,25.0881,100,0,-999.9,400,0,103.092,103.093
,L,2,1707837320,392.5,20240213 07:15:19,07:15:19,none,cabbi,1,,,1,,1707837320,0.000490939,0.490938748,1.096786293,406.162,338.7588212,34.55817128,41.43424491,0.030524783,2.959679373,0.030350959,0.018984884,19.56604855,15.99333653,15.9764,1.821951004,10.30428443,0.18808949,1.825352271,1.633861514,-21.65039878,4.659217243,0.303691374,2.878558388,-7.949816497,1.970087198,1.096786293,400.1061657,407.7220121,-2.108639913,66.9685405,0.490938748,0.158035608,1.936034303,-0.285624499,78.46623064,44,6,1,0,55842.04345,-,-,0,0,#DIV/0!,0,-,-,0,0,#DIV/0!,0.5,84.26298378,1.096786293,#DIV/0!,0.013016229,#DIV/0!,#DIV/0!,-,0,#DIV/0!,#DIV/0!,#DIV/0!,#DIV/0!,#DIV/0!,#DIV/0!,#DIV/0!,#DIV/0!,,,,,,,,,,,,,,,,,,,,,,,,,,,,,,,,,,,99.9731,84.26298378,0.842856566,0.195713132,6,0.5,0: Broadleaf,2,TRUE,1707837320,406.162,400.033,1.84376,0.158025,408.151,1.93982,699.916,101.952,0.0620853,16.0056,15.9764,999.9,0,0,9978,0,0.00152894,6.12909,406.912,400.096,1.68574,400.033,0.158025,0.187975,0.0161109,-15.2579,-41.4869,99.9731,0.899805,0.100195,0,748.512,5.00018,1068.66,795.812,28.25,33.312,30.875,35.562,31,85.46,9.52,0,1685731729,0,737.3004615,5.418939732,503.3267002,1030.747769,15,0,--:--:--,1755807718,1755807721,0,-0.117,-0.016,-2.009,0.03,420,15,0.09,0.01,-52.57607786,490.8106967,50.09151469,0,2.347898341,-27.58935923,3.112897762,0,0,2,0/2,3.36118,2.75612,0.100735,0.0989291,0.0155816,0.0013992,21540.1,22236.4,25391,26069.5,38061.1,38840.2,42507.5,42084.1,2.48416,2.59198,0.0904977,0,14.4673,999.9,40.3,17.3,7.83392,61.18,7.62019,2,-0.846659,0,20.3785,5.21094,11.9021,4.99376,3.28116,9999,9999,9999,148.6,4.97183,1.8573,1.86675,1.86173,1.86417,1.86027,1.86279,1.86017,0,0,0,0,11111111,oooooooo,on,on,on,on,0,100,100,-1.989,-0.0961,-1.140465382,-0.002493248,1.1597E-06,-3.50138E-10,-0.086309181,-0.007593507,0.001367325,-2.29441E-05,2,2118,1,27,-799506.6,-799506.7,1.25,2.43042,2.19604,2.72095,2.14966,2.41455,21.4392,15.5155,18,636.574,801.89,15.6361,15.8251,30.0004,15.7769,15.753,25.0884,100,0,-999.9,400,0,102.991,103.002
3,L,3,1707837396,469,20240213 07:16:36,07:16:36,none,cabbi,1,,,1,,1707837396,0.000726368,0.726367725,0.26889411,402.065,382.501982,39.0207486,41.0164601,0.045627707,2.96742673,0.045241502,0.028310365,19.56732069,15.97774,15.4876,1.765835238,7.826959522,0.143283446,1.830639931,1.622551792,-32.03281669,90.11668324,5.845069107,83.49625635,-2.946822653,1.455383417,0.26889411,400.0876656,402.9452909,-0.761374765,66.96861831,0.726367725,0.158965666,1.453724364,-0.141640283,78.46970335,8,1,1,0,56068.86579,-,-,0,0,#DIV/0!,0,-,-,0,0,#DIV/0!,0.5,84.26846234,0.26889411,#DIV/0!,0.003190922,#DIV/0!,#DIV/0!,-,0,#DIV/0!,#DIV/0!,#DIV/0!,#DIV/0!,#DIV/0!,#DIV/0!,#DIV/0!,#DIV/0!,,,,,,,,,,,,,,,,,,,,,,,,,,,,,,,,,,,99.9796,84.26846234,0.842856566,0.195713132,6,0.5,0: Broadleaf,2,TRUE,1707837396,402.065,400.041,1.40454,0.158995,404.047,1.49923,700.098,101.951,0.0635004,16.0509,15.4876,999.9,0,0,10022,0,0.00164361,2.02444,402.631,400.104,1.24554,400.041,0.158995,0.143193,0.0162096,-18.4978,-41.4293,99.9796,0.899805,0.100195,0,725.569,5.00018,993.546,795.867,28.625,33.5,31.187,35.812,31.312,85.46,9.52,0,1685731806,0,726.4982308,23.96690606,63.312137,991.3551538,15,0,--:--:--,1755807718,1755807721,0,-0.117,-0.016,-2.009,0.03,420,15,0.09,0.01,-26.16641079,334.3135271,37.80542972,0,0.79018041,-9.967967631,1.156424558,0,0,2,0/2,3.36138,2.75792,0.0999486,0.0989125,0.0122895,0.00140738,21560.8,22241,25393.7,26074.7,38193.4,38846.3,42512.4,42091,2.54594,2.59038,0.0670552,0,14.3689,999.9,40.7,17.3,7.9116,60.89,7.98478,2,-0.844146,0,20.3788,5.21118,11.9021,4.99356,3.28124,9999,9999,9999,148.6,4.97182,1.8573,1.86675,1.86173,1.86417,1.86025,1.86275,1.86015,0,0,0,0,11111111,oooooooo,on,on,on,on,0,100,100,-1.982,-0.0947,-1.140465382,-0.002493248,1.1597E-06,-3.50138E-10,-0.086309181,-0.007593507,0.001367325,-2.29441E-05,2,2118,1,27,-799505.4,-799505.4,1.24878,2.42676,2.19604,2.72217,2.14966,2.41333,21.4593,15.5067,18,680.297,801.588,15.6326,15.8736,30.0004,15.8323,15.8187,25.087,100,0,-999.9,400,0,103.003,103.02
4,L,4,1707837587,660,20240213 07:19:47,07:19:47,none,cabbi,1,,,1,,1707837587,-0.000131225,-0.131224715,0.362851924,422.865,471.1939497,48.06682606,43.13675592,-0.010054415,2.963370932,-0.010073406,-0.00629417,19.54517483,16.00708384,15.309,1.745713409,23.8360873,0.431013582,1.808239652,1.314699827,5.787009951,87.74088053,5.68777638,118.7608417,-28.64046325,4.758758119,0.362851924,400.0660888,427.1990667,-6.760157143,66.95879533,-0.131224715,0.162269084,4.509269152,-0.937372167,78.45858358,109,16,1,0,55982.79821,-,-,0,0,#DIV/0!,0,-,-,0,0,#DIV/0!,0.5,84.17298092,0.362851924,#DIV/0!,0.004310789,#DIV/0!,#DIV/0!,-,0,#DIV/0!,#DIV/0!,#DIV/0!,#DIV/0!,#DIV/0!,#DIV/0!,#DIV/0!,#DIV/0!,,,,,,,,,,,,,,,,,,,,,,,,,,,,,,,,,,,99.8663,84.17298092,0.842856709,0.195713417,6,0.5,0: Broadleaf,2,TRUE,1707837587,422.865,400.035,4.22518,0.162434,424.882,4.32062,699.82,101.951,0.059703,15.8582,15.309,999.9,0,0,9999,0,0.00160538,22.8303,424.659,400.1,4.06274,400.035,0.162434,0.430762,0.0165604,-4.77557,-41.227,99.8663,0.899805,0.100195,0,561.024,5.00018,828.37,794.917,29.25,34.062,31.875,36.375,31.937,85.36,9.51,0,1685731996,0,379.6408154,2603.519138,-92542.62029,7426.442962,15,0,--:--:--,1755807718,1755807721,0,-0.117,-0.016,-2.009,0.03,420,15,0.09,0.01,-77.48819576,196.984775,29.36273721,0,2.200027292,-6.186801769,1.138438875,0,0,2,0/2,3.36107,2.75391,0.103795,0.098877,0.0315922,0.00143687,21465.4,22236.3,25389.2,26068.6,37436.1,38839,42505,42084.5,2.35966,2.58608,0.0565767,0,14.3649,999.9,41.7,17.4,8.15688,60.6601,7.78846,2,-0.837543,0,20.3789,5.21058,11.9021,4.99372,3.28128,9999,9999,9999,148.7,4.97184,1.8573,1.86675,1.86172,1.86417,1.86027,1.86279,1.8602,0,0,0,0,11111111,oooooooo,on,on,on,on,0,100,100,-2.017,-0.0954,-1.140465382,-0.002493248,1.1597E-06,-3.50138E-10,-0.086309181,-0.007593507,0.001367325,-2.29441E-05,2,2118,1,27,-799502.2,-799502.2,1.24878,2.42188,2.19604,2.72095,2.14966,2.41333,21.5397,15.4542,18,559.323,800.032,15.6237,15.9814,30.0001,15.9765,15.9529,25.0773,100,0,-999.9,400,0,102.985,103.001
5,L,5,1707837760,832.5,20240213 07:22:39,07:22:39,none,cabbi,1,,,1,,1707837760,-0.000211624,-0.211624262,1.614311694,417.233,584.3907845,59.61752783,42.56466845,-0.014404025,2.964216907,-0.014443024,-0.009023377,19.54460726,16.26024854,15.8356,1.805628368,17.78831103,0.326466201,1.835284983,1.479162167,9.33262996,40.75074979,2.651331792,72.2793188,-21.53923974,3.55138001,1.614311694,400.1127571,420.664897,-5.409682534,66.96864128,-0.211624262,0.166537553,3.410807879,-0.720881232,78.4672206,45,6,1,0,55963.58495,-,-,0,0,#DIV/0!,0,-,-,0,0,#DIV/0!,0.5,84.17053663,1.614311694,#DIV/0!,0.019179059,#DIV/0!,#DIV/0!,-,0,#DIV/0!,#DIV/0!,#DIV/0!,#DIV/0!,#DIV/0!,#DIV/0!,#DIV/0!,#DIV/0!,,,,,,,,,,,,,,,,,,,,,,,,,,,,,,,,,,,99.8634,84.17053663,0.842856709,0.195713417,6,0.5,0: Broadleaf,2,TRUE,1707837760,417.233,400.046,3.20013,0.166737,419.24,3.29743,700.209,101.954,0.0625434,16.0906,15.8356,999.9,0,0,10003.5,0,0.00160538,17.1863,418.572,400.113,3.03339,400.046,0.166737,0.326265,0.0169995,-8.39455,-40.9791,99.8634,0.89977,0.10023,0,471.943,5.00018,2197.09,794.885,29.812,34.437,32.375,36.875,32.437,85.36,9.51,0,1685732169,0,363.105004,1797.63207,-644925.3659,41592.1296,15,0,--:--:--,1755807718,1755807721,0,-0.117,-0.016,-2.009,0.03,420,15,0.09,0.01,-73.0856301,239.0033416,59.67892603,0,2.252850644,-5.77353924,2.61014872,0,0,2,0/2,3.3615,2.75679,0.102732,0.0988617,0.0250155,0.0014742,21487.6,22233,25386,26064.7,37687.4,38834.1,42499.7,42080.9,2.4778,2.58392,0.0739813,0,14.602,999.9,42.7,17.5,8.40602,60.71,7.90064,2,-0.832608,0,20.3791,5.21058,11.9021,4.99372,3.28112,9999,9999,9999,148.7,4.97183,1.8573,1.86676,1.86173,1.86417,1.86028,1.86279,1.8602,0,0,0,0,11111111,oooooooo,on,on,on,on,0,100,100,-2.007,-0.0973,-1.140465382,-0.002493248,1.1597E-06,-3.50138E-10,-0.086309181,-0.007593507,0.001367325,-2.29441E-05,2,2118,1,27,-799499.3,-799499.3,1.24878,2.42554,2.19604,2.72095,2.14966,2.39502,21.62,15.4016,18,635.893,799.405,15.6779,16.0508,30.0003,16.0511,16.0293,25.0675,100,0,-999.9,400,0,102.972,102.99
6,D,6,1707837987,1060,20240213 07:26:27,07:26:27,none,cabbi,1,,,1,,1707837987,0.000647553,0.647552518,-0.779099778,406.21,426.8773734,43.55251158,41.44390599,0.03968434,2.965308262,0.03939164,0.024645893,0.004750342,16.52598254,15.9999,1.824687888,8.591340985,0.163847336,1.907121791,1.660840552,-28.55706606,110.8988354,7.24143765,89.58795735,-7.945850143,1.67909461,-0.779099778,400.0668613,407.5274303,-1.677744345,66.97037453,0.647552518,0.168604761,1.672766303,-0.200241239,78.47460076,23,3,1,0,55880.37781,-,-,0,0,#DIV/0!,0,-,-,0,0,#DIV/0!,0.5,0.021001512,-0.779099778,#DIV/0!,-37.09731839,#DIV/0!,#DIV/0!,-,0,#DIV/0!,#DIV/0!,#DIV/0!,#DIV/0!,#DIV/0!,#DIV/0!,#DIV/0!,#DIV/0!,,,,,,,,,,,,,,,,,,,,,,,,,,,,,,,,,,,0.0500018,0.021001512,0.42001512,0.09500342,6,0.5,0: Broadleaf,2,TRUE,1707837987,406.21,399.983,1.60594,0.16882,408.199,1.70133,699.899,101.961,0.0648142,16.6936,15.9999,999.9,0,0,10009,0,0.00168183,6.22711,406.864,400.051,1.43712,399.983,0.16882,0.163743,0.017213,-16.9128,-40.8606,0.0500018,0,0,0,516.2,0.0500018,419.23,5.3,30.437,35.187,33.125,37.437,32.875,0,0,0,1685732396,0,523.0684,-61.10846154,308.728463,386.9072,15,0,--:--:--,1755807718,1755807721,0,-0.117,-0.016,-2.009,0.03,420,15,0.09,0.01,-65.64161261,836.6694934,120.8774536,0,0.817358717,-7.30320981,0.895518102,0,0,2,0/2,3.36115,2.7591,0.100648,0.0988219,0.0138007,0.00149184,21534.3,22228.9,25383.5,26059.5,38119.9,38828.9,42495.8,42076.1,2.51362,2.5795,0.0517845,0,15.1369,999.9,43.8,17.6,8.67624,60.56,8.125,2,-0.824041,0,20.3798,5.20555,11.9021,4.99312,3.28084,9999,9999,9999,148.8,4.97186,1.85731,1.86676,1.86177,1.86418,1.86035,1.86279,1.8602,0,0,0,0,11111111,oooooooo,on,on,on,on,0,100,100,-1.989,-0.0954,-1.140465382,-0.002493248,1.1597E-06,-3.50138E-10,-0.086309181,-0.007593507,0.001367325,-2.29441E-05,2,2118,1,27,-799495.5,-799495.6,1.24756,2.42798,2.19604,2.72095,2.14966,2.41821,21.8613,15.3491,18,662.132,797.747,15.9303,16.1904,30.0003,16.1698,16.1646,25.0548,100,0,-999.9,400,0,102.962,102.975
7,L,7,1707838398,1471.1,20240213 07:33:18,07:33:18,none,cabbi,1,,,1,,1707838398,0.00026784,0.267839538,5.18491506,443.755,27.76870587,2.833424014,45.27924633,0.02025118,2.960626569,0.020174538,0.012615948,19.58240326,17.21617185,15.85,1.807291812,23.79561964,0.467743885,1.965672219,1.339547927,-11.81172361,210.7693621,13.80794818,232.3479899,-53.29533514,5.17572679,5.18491506,400.1026695,449.9958303,-13.44260379,66.96233037,0.267839538,0.166726742,4.866244,-0.943910782,78.46469213,8,1,1,0,55646.95327,-,-,0,0,#DIV/0!,0,-,-,0,0,#DIV/0!,0.5,84.33515663,5.18491506,#DIV/0!,0.061479877,#DIV/0!,#DIV/0!,-,0,#DIV/0!,#DIV/0!,#DIV/0!,#DIV/0!,#DIV/0!,#DIV/0!,#DIV/0!,#DIV/0!,,,,,,,,,,,,,,,,,,,,,,,,,,,,,,,,,,,100.059,84.33515663,0.842854282,0.195708565,6,0.5,0: Broadleaf,2,TRUE,1707838398,443.755,400.031,4.58408,0.166975,445.808,4.67834,699.825,101.971,0.0655885,17.1705,15.85,999.9,0,0,9981.5,0,0.00156716,43.7242,445.799,400.098,4.41711,400.031,0.166975,0.467443,0.0170266,-3.6896,-40.964,100.059,0.89984,0.10016,0,889.09,5.00018,2806.62,796.541,31.937,36.125,34.437,38.437,34.375,85.54,9.52,0,1685732808,0,542.086476,4729.371066,-504398.5717,40856.2616,15,0,--:--:--,1755807718,1755807721,0,-0.117,-0.016,-2.009,0.03,420,15,0.09,0.01,-119.9983038,219.7144046,72.05340785,0,1.703003993,-4.555264701,0.765525549,0,0,2,0/2,3.36105,2.75964,0.107495,0.098796,0.033782,0.00147498,21370.1,22229.6,25382.6,26060.3,37341.9,38832.6,42494.7,42079.5,2.53444,2.57568,-0.00039041,0,15.8566,999.9,43.9,17.8,8.80549,60.7646,8.35336,2,-0.815724,0,20.3795,5.20974,11.9021,4.99372,3.28118,9999,9999,9999,148.9,4.97185,1.85736,1.86676,1.86185,1.86421,1.86035,1.86279,1.8602,0,0,0,0,11111111,oooooooo,on,on,on,on,0,100,100,-2.053,-0.0943,-1.140465382,-0.002493248,1.1597E-06,-3.50138E-10,-0.086309181,-0.007593507,0.001367325,-2.29441E-05,2,2118,1,27,-799488.7,-799488.7,1.24634,2.43042,2.19604,2.71973,2.14966,2.39868,22.143,15.2265,18,679.348,797.24,16.4221,16.3375,30.0005,16.3459,16.3353,25.0417,100,0,-999.9,400,0,102.959,102.981
8,L,8,1707838691,1764.1,20240213 07:38:11,07:38:11,none,cabbi,1,,,1,,1707838691,-0.000117703,-0.117703136,1.981853224,415.064,618.5825251,63.12225823,42.35453788,-0.015065959,2.964295028,-0.01510863,-0.00943905,105.0828623,18.14194163,16.3851,1.870066969,54.15845697,1.086619249,2.006370399,0.783447719,5.190708304,177.3263672,11.65436576,299.2543036,-17.48252571,-0.022045404,1.981853224,404.3636363,421.2965091,-4.619752897,66.94034259,-0.117703136,10.72045443,10.65512909,-0.007296305,78.43885056,100,14,1,0,55696.12109,-,-,0,0,#DIV/0!,0,-,-,0,0,#DIV/0!,0.5,462.2713162,1.981853224,#DIV/0!,0.004287208,#DIV/0!,#DIV/0!,-,0,#DIV/0!,#DIV/0!,#DIV/0!,#DIV/0!,#DIV/0!,#DIV/0!,#DIV/0!,#DIV/0!,,,,,,,,,,,,,,,,,,,,,,,,,,,,,,,,,,,549.973,462.2713162,0.840534565,0.191069129,6,0.5,0: Broadleaf,2,TRUE,1707838691,415.064,400.067,10.6486,10.6673,417.068,10.6879,699.807,101.984,0.0593906,17.4947,16.3851,999.9,0,0,10001,0,0.00164361,14.997,419.532,404.381,-0.0186777,400.067,10.6673,1.08599,1.08789,8.12407,8.14986,549.973,0.982023,0.0179772,0,945.549,5.00018,11355.8,4677,32.875,36.687,34.937,39.125,35.062,535.18,9.8,0,1685733100,0,771.73072,3897.012806,-1075008.11,77133.8816,15,0,--:--:--,1755807718,1755807721,0,-0.117,-0.016,-2.009,0.03,420,15,0.09,0.01,-39.48504864,-107.6726482,52.10494858,0,-0.04370326,-0.021262572,0.015591416,1,1,2,1/2,3.36525,2.75362,0.102275,0.0988411,0.0660523,0.0654022,21476.4,22211.3,25361.4,26039.3,36052.5,36305.5,42459.4,42049,2.36404,2.5927,0.033769,0,15.8229,999.9,52.1,18,10.5819,60.4146,7.01923,2,-0.789955,0,20.375,5.20519,11.9021,4.99264,3.28054,9999,9999,9999,149,4.97185,1.85743,1.86679,1.86188,1.86427,1.86035,1.8628,1.86022,0,0,0,0,11111111,oooooooo,on,on,on,on,0,100,100,-2.004,-0.0393,-1.140465382,-0.002493248,1.1597E-06,-3.50138E-10,-0.086309181,-0.007593507,0.001367325,-2.29441E-05,2,2118,1,27,-799483.8,-799483.8,1.2561,2.43042,2.19604,2.71729,2.14966,2.40845,22.3646,15.1302,18,569.908,817.984,16.586,16.6663,30.0007,16.6643,16.6323,25.1988,13.5631,41.6408,-999.9,400,10.4456,102.874,102.903
9,L,9,1707838903,1975.6,20240213 07:41:42,07:41:42,none,cabbi,1,,,1,,1707838903,0.000648276,0.648276137,-67.73197058,478.672,1914.641142,195.398195,48.85074426,0.075507509,2.965051067,0.074455317,0.046627887,190.3995845,18.62379757,17.3241,1.984863049,54.6879718,1.109753397,2.029245848,0.875109652,-28.58897765,55.99609715,3.700598708,221.5073027,-90.70065741,0.613336562,-67.73197058,404.1763458,490.1532,-6.450363759,66.9605,0.648276137,10.32913153,10.91963818,-0.006784052,78.45436003,73,11,1,0,55684.73858,-,-,0,0,#DIV/0!,0,-,-,0,0,#DIV/0!,0.5,839.4257373,-67.73197058,#DIV/0!,-0.080688461,#DIV/0!,#DIV/0!,-,0,#DIV/0!,#DIV/0!,#DIV/0!,#DIV/0!,#DIV/0!,#DIV/0!,#DIV/0!,#DIV/0!,,,,,,,,,,,,,,,,,,,,,,,,,,,,,,,,,,,998.961,839.4257373,0.840298808,0.190597615,6,0.5,0: Broadleaf,2,TRUE,1707838903,478.672,400.003,10.8741,10.3462,480.782,10.9103,689.525,101.992,0.0627353,17.6744,17.3241,999.9,0,0,10004.5,0,0.00168183,78.6691,483.934,404.185,0.52793,400.003,10.3462,1.10907,1.05523,8.43393,7.70207,998.961,0.989994,0.0100064,0,1336.33,5.00018,19659.1,8549.79,34.625,37.437,36.062,40,36.437,984.02,9.95,0,1685733312,0,514.2912269,7293.787939,326014.14,150830.0976,15,0,--:--:--,1755807718,1755807721,0,-0.117,-0.016,-2.009,0.03,420,15,0.09,0.01,-52.09876356,-622.4919071,75.78956474,0,0.046508753,0.79997499,0.099095808,0,0,2,0/2,3.35354,2.75688,0.113543,0.0987757,0.0670583,0.063858,21207.1,22212.1,25361.7,26039.8,36013.7,36368.7,42459.4,42052.3,2.3532,2.59686,0.0405073,0,16.6507,999.9,60.4,18.1,12.3437,60.2846,7.50801,2,-0.778811,0,20.3713,5.20279,11.9024,4.99252,3.28058,9999,9999,9999,149,4.97184,1.85745,1.86684,1.86188,1.86432,1.86035,1.86286,1.86031,0,0,0,0,11111111,oooooooo,on,on,on,on,0,100,100,-2.11,-0.0362,-1.140465382,-0.002493248,1.1597E-06,-3.50138E-10,-0.086309181,-0.007593507,0.001367325,-2.29441E-05,2,2118,1,27,-799480.2,-799480.3,1.25488,2.43896,2.19604,2.71729,2.14966,2.38647,22.8889,15.0426,18,590.113,825.924,16.928,16.9217,30.001,16.9598,16.8569,25.1892,28.9242,52.0535,-999.9,400,10.2661,102.874,102.909
10,L,10,1707839146,2219.1,20240213 07:45:46,07:45:46,none,cabbi,1,,,1,,1707839146,0.000667151,0.667151023,-5.66787629,436.987,570.1686427,58.18798439,44.59626649,0.064721199,2.961552618,0.063945583,0.040034901,190.5352187,20.0463872,18.9387,2.196759149,51.79906293,1.1494749,2.219103657,1.047284249,-29.4213601,25.89737506,1.740541698,188.7517754,-43.33161349,0.649499721,-5.66787629,404.3848262,445.5389636,-9.0192445,66.95868762,0.667151023,10.70282546,11.29368485,-0.005333086,78.45419719,271,39,1,0,55307.66848,-,-,0,0,#DIV/0!,0,-,-,0,0,#DIV/0!,0.5,840.0277193,-5.66787629,#DIV/0!,-0.006747249,#DIV/0!,#DIV/0!,-,0,#DIV/0!,#DIV/0!,#DIV/0!,#DIV/0!,#DIV/0!,#DIV/0!,#DIV/0!,#DIV/0!,,,,,,,,,,,,,,,,,,,,,,,,,,,,,,,,,,,999.678,840.0277193,0.840298295,0.190596591,6,0.5,0: Broadleaf,2,TRUE,1707839146,436.987,400.065,11.2634,10.7126,439.028,11.2941,699.547,101.999,0.054989,19.1009,18.9387,999.9,0,0,9984,0,0.00191117,36.9221,441.965,404.397,0.550771,400.065,10.7126,1.14886,1.09268,8.95486,8.21454,999.678,0.990005,0.00999456,0,1135.12,5.00018,20305.8,8555.99,36.937,38.687,38.062,41.375,38.437,984.74,9.94,0,1685733556,0,623.8607577,6643.468788,-2428450.562,270883.6231,15,0,--:--:--,1755807718,1755807721,0,-0.117,-0.016,-2.009,0.03,420,15,0.09,0.01,-72.14714452,-262.4253993,112.4885148,0,0.073182014,0.068889968,0.030128423,0,0,2,0/2,3.36492,2.74905,0.106109,0.0986953,0.0687945,0.065517,21367.6,22192.7,25344.3,26017,35919.3,36276.1,42427.4,42019.9,2.00044,2.56968,0.0892967,0,17.457,999.9,65.6,18.6,13.8324,60.6346,6.5625,2,-0.742465,0,20.3708,5.20363,11.9067,4.99204,3.28052,9999,9999,9999,149.1,4.97184,1.85755,1.86691,1.86198,1.86433,1.8605,1.86295,1.86035,0,0,0,0,11111111,oooooooo,on,on,on,on,0,100,100,-2.041,-0.0307,-1.140465382,-0.002493248,1.1597E-06,-3.50138E-10,-0.086309181,-0.007593507,0.001367325,-2.29441E-05,2,2118,1,27,-799476.2,-799476.2,1.25244,2.4353,2.19604,2.71851,2.14966,2.39868,23.7386,14.9989,18,384.469,807.583,17.5653,17.3867,30.0015,17.3555,17.2556,25.1485,33.5864,53.5568,-999.9,400,10.6331,102.799,102.825
11,L,11,1707839344,2417.1,20240213 07:49:04,07:49:04,none,cabbi,1,,,1,,1707839344,0.000222856,0.222856067,3.916236375,409.79,82.06845951,8.377263388,41.82994033,0.019447954,2.961301074,0.019377276,0.012117126,200.1244999,20.91992394,19.8223,2.320914743,50.34024768,1.167000112,2.318224811,1.153914631,-9.827952544,-2.985448707,-0.202306156,187.1087925,-11.43034999,0.138312653,3.916236375,404.6202017,415.9633636,-3.678421533,66.96484423,0.222856067,11.30244305,11.42789394,0.013502059,78.46343679,24,3,1,0,55167.62739,-,-,0,0,#DIV/0!,0,-,-,0,0,#DIV/0!,0.5,882.3047999,3.916236375,#DIV/0!,0.004438643,#DIV/0!,#DIV/0!,-,0,#DIV/0!,#DIV/0!,#DIV/0!,#DIV/0!,#DIV/0!,#DIV/0!,#DIV/0!,#DIV/0!,,,,,,,,,,,,,,,,,,,,,,,,,,,,,,,,,,,1049.99,882.3047999,0.840298289,0.190596577,6,0.5,0: Broadleaf,2,TRUE,1707839344,409.79,400.041,11.4326,11.3154,411.785,11.4609,699.99,102.01,0.0665278,19.8036,19.8223,999.9,0,0,9981.5,0,0.00191117,9.74948,414.529,404.619,0.117284,400.041,11.3154,1.16624,1.15428,9.17749,9.02459,1049.99,0.990009,0.00999064,0,636.805,5.00018,11330.4,8988.81,36.687,38,37.812,38.75,37.937,1034.55,10.44,0,1685733754,0,575.6071423,1660.031626,-1379552.929,83786.41923,15,0,--:--:--,1755807718,1755807721,0,-0.117,-0.016,-2.009,0.03,420,15,0.09,0.01,-36.16456276,-72.95075225,54.10181176,0,-0.00336745,0.12435616,0.01521193,0,0,2,0/2,3.36562,2.76058,0.101007,0.0985605,0.0694791,0.0682092,21460.8,22164.9,25314,25983.8,35848.2,36127.9,42373.9,41969.4,2.47898,2.5513,0.0876844,0,18.3696,999.9,69,19.2,15.1039,60.9947,7.45593,2,-0.689079,0,20.3708,5.20219,11.9081,4.99248,3.28076,9999,9999,9999,149.2,4.97185,1.8576,1.86695,1.86204,1.86441,1.86051,1.86296,1.86047,0,0,0,0,11111111,oooooooo,on,on,on,on,0,100,100,-1.995,-0.0283,-1.140465382,-0.002493248,1.1597E-06,-3.50138E-10,-0.086309181,-0.007593507,0.001367325,-2.29441E-05,2,2118,1,27,-799472.9,-799472.9,1.25122,2.43286,2.19604,2.71606,2.14966,2.41577,24.5513,14.9551,18,661.001,800.326,18.2553,18.0375,30.0019,17.8936,17.8205,25.1249,34.9912,53.5568,-999.9,400,11.237,102.672,102.699
12,L,12,1707839691,2764.1,20240213 07:54:51,07:54:51,none,cabbi,1,,,1,,1707839691,0.000589521,0.589520595,5.642424455,420.081,221.3145045,22.58673105,42.87227622,0.047297837,2.96104543,0.046882094,0.029338357,209.5909999,21.46887438,20.7473,2.457434296,49.79127595,1.197089731,2.404215815,1.260344566,-25.99785825,-56.68670143,-3.871518968,123.0349213,-23.41803013,-0.042726046,5.642424455,404.7718913,427.323,-6.862675677,66.97944405,0.589520595,11.75606647,11.70254485,0.1180284,78.46990301,15,2,1,0,55048.74925,-,-,0,0,#DIV/0!,0,-,-,0,0,#DIV/0!,0.5,924.2955,5.642424455,#DIV/0!,0.006104568,#DIV/0!,#DIV/0!,-,0,#DIV/0!,#DIV/0!,#DIV/0!,#DIV/0!,#DIV/0!,#DIV/0!,#DIV/0!,#DIV/0!,,,,,,,,,,,,,,,,,,,,,,,,,,,,,,,,,,,1100,924.2955,0.840268636,0.190537273,6,0.5,0: Broadleaf,2,TRUE,1707839691,420.081,399.989,11.7296,11.7658,422.094,11.7535,699.86,101.985,0.0721657,20.3922,20.7473,999.9,0,0,9982.5,0,0.00191117,20.0923,425.067,404.751,-0.036149,399.989,11.7658,1.19625,1.19994,9.55498,9.60078,1100,0.991006,0.00899361,0,723.404,5.00018,15095.9,9421.65,37.5,38.875,38.562,39.312,38.687,1085.15,9.85,0,1685734101,0,515.5768808,3533.574098,-2106111.928,210909.3435,15,0,--:--:--,1755807718,1755807721,0,-0.117,-0.016,-2.009,0.03,420,15,0.09,0.01,-40.96597442,-173.0800318,49.47744,0,-0.037854635,-0.080046976,0.051316692,0,0,2,0/2,3.36556,2.76623,0.102516,0.098197,0.0705554,0.0700002,21360.1,22099.5,25244.6,25903.8,35703.6,35957.7,42249.8,41852,2.4682,2.51136,0.122529,0,18.7194,999.9,73.6,20.4,17.3595,61.1247,7.88461,2,-0.579069,0,20.3708,5.20531,11.9093,4.99212,3.28088,9999,9999,9999,149.3,4.97185,1.85776,1.86708,1.86218,1.86447,1.86066,1.86295,1.86054,0,0,0,0,11111111,oooooooo,on,on,on,on,0,100,100,-2.013,-0.0239,-1.140465382,-0.002493248,1.1597E-06,-3.50138E-10,-0.086309181,-0.007593507,0.001367325,-2.29441E-05,2,2118,1,27,-799467.1,-799467.2,1.25,2.44751,2.19604,2.71118,2.14966,2.41821,25.8194,14.8588,18,671.552,785.542,19.2485,19.4663,30.0014,19.2816,19.128,25.0919,40.5833,49.0634,-999.9,400,11.6822,102.378,102.401
13,L,13,1707839953,3026.1,20240213 07:59:13,07:59:13,none,cabbi,1,,,1,,1707839953,0.000593097,0.593096757,5.427847365,413.424,215.0037605,21.94566462,42.19863145,0.045602486,2.963038549,0.045216139,0.028294526,209.5701053,22.18944185,21.5805,2.586374583,50.63706438,1.272826285,2.513625742,1.313548297,-26.155567,-74.3605221,-5.115625803,103.9383904,-15.77331657,0.343312894,5.427847365,404.9431743,420.6584242,-5.117456062,66.99908539,0.593096757,12.17793183,12.45507455,0.048121983,78.50502885,0,0,1,0,54973.19182,-,-,0,0,#DIV/0!,0,-,-,0,0,#DIV/0!,0.5,924.2031026,5.427847365,#DIV/0!,0.005873003,#DIV/0!,#DIV/0!,-,0,#DIV/0!,#DIV/0!,#DIV/0!,#DIV/0!,#DIV/0!,#DIV/0!,#DIV/0!,#DIV/0!,,,,,,,,,,,,,,,,,,,,,,,,,,,,,,,,,,,1099.89,924.2031026,0.840268666,0.190537331,6,0.5,0: Broadleaf,2,TRUE,1707839953,413.424,400.021,12.47,12.1793,415.425,12.4827,699.756,101.993,0.0780734,21.115,21.5805,999.9,0,0,9993,0,0.00191117,13.403,418.644,404.953,0.2907,400.021,12.1793,1.27185,1.24221,10.4703,10.1172,1099.89,0.990999,0.00900087,0,641.896,5.00018,9089.99,9420.69,37.125,38.437,38.312,38.375,38.25,1085.03,9.85,0,1685734363,0,546.814496,2476.403572,-4010807.77,235498.0932,15,0,--:--:--,1755807718,1755807721,0,-0.117,-0.016,-2.009,0.03,420,15,0.09,0.01,-38.64500744,-162.1122412,54.67504183,0,-0.010199675,0.161986972,0.048982431,0,0,2,0/2,3.36555,2.77222,0.101064,0.0979644,0.073682,0.0716714,21358.5,22061.6,25206.4,25857.4,35525.3,35835.3,42180.6,41784.6,2.48556,2.48508,0.132459,0,19.3909,999.9,74.6,21.3,18.5963,60.8746,7.84455,2,-0.515868,0,20.3712,5.20375,11.9141,4.99224,3.28116,9999,9999,9999,149.3,4.97185,1.85778,1.86716,1.86226,1.86451,1.86067,1.8631,1.86063,0,0,0,0,11111111,oooooooo,on,on,on,on,0,100,100,-2.001,-0.0127,-1.140465382,-0.002493248,1.1597E-06,-3.50138E-10,-0.086309181,-0.007593507,0.001367325,-2.29441E-05,2,2118,1,27,-799462.7,-799462.8,1.25,2.45239,2.19604,2.70752,2.14966,2.38647,26.5819,14.78,18,696.573,777.311,19.9035,20.4068,30.0016,20.2183,20.1047,25.1012,41.4447,43.0439,-999.9,400,12.1565,102.216,102.228
14,L,14,1707840423,3495.5,20240213 08:07:02,08:07:02,none,cabbi,1,,,1,,1707840423,0.000398819,0.398819308,2.987704927,418.622,255.0753835,26.03408926,42.72635943,0.030693816,2.964276011,0.030518339,0.019089644,247.6305047,23.66609576,21.8708,2.632670396,48.95987098,1.324733314,2.705753279,1.307937081,-17.58793149,71.80265469,4.975318197,306.8205461,-21.6143953,-0.34045101,2.987704927,405.3420413,426.5660242,-5.995161673,66.99428666,0.398819308,13.26562957,12.93598848,0.143292979,78.49386718,0,0,1,0,54785.59275,-,-,0,0,#DIV/0!,0,-,-,0,0,#DIV/0!,0.5,1092.352502,2.987704927,#DIV/0!,0.002735111,#DIV/0!,#DIV/0!,-,0,#DIV/0!,#DIV/0!,#DIV/0!,#DIV/0!,#DIV/0!,#DIV/0!,#DIV/0!,#DIV/0!,,,,,,,,,,,,,,,,,,,,,,,,,,,,,,,,,,,1300.05,1092.352502,0.840238839,0.190477678,6,0.5,0: Broadleaf,2,TRUE,1707840423,418.622,399.975,12.9794,13.2674,420.632,12.984,700.067,101.988,0.0762953,22.3201,21.8708,999.9,0,0,10000.5,0,0.00191117,18.6468,424.127,405.353,-0.288076,399.975,13.2674,1.32374,1.35313,11.0712,11.4023,1300.05,0.992004,0.00799577,0,693.369,5.00018,11580.7,11146.1,38.937,39.812,39.625,40.937,40.125,1284.69,10.35,0,1685734832,0,543.301236,2907.981002,-2854857.028,193522.9016,15,0,--:--:--,1755807718,1755807721,0,-0.117,-0.016,-2.009,0.03,420,15,0.09,0.01,-47.33114609,-214.6928228,69.23111611,0,-0.067312257,-0.325448482,0.093433434,0,0,2,0/2,3.36633,2.77052,0.101914,0.0978395,0.0758243,0.0763159,21352.5,22079.7,25224.2,25876,35468.1,35681.7,42210.9,41815,2.48992,2.47844,0.0501007,0,21.044,999.9,66.2,22.7,17.9737,60.9547,7.91666,2,-0.519341,0,20.3701,5.20615,11.914,4.99236,3.28138,9999,9999,9999,149.5,4.97194,1.85791,1.86722,1.86235,1.86462,1.86081,1.86311,1.8607,0,0,0,0,11111111,oooooooo,on,on,on,on,0,100,100,-2.01,-0.0046,-1.140465382,-0.002493248,1.1597E-06,-3.50138E-10,-0.086309181,-0.007593507,0.001367325,-2.29441E-05,2,2118,1,27,-799454.9,-799455,1.25732,2.45605,2.19604,2.7002,2.14966,2.44629,27.7037,14.6837,18,705.14,778.819,21.0761,20.6286,30,20.6159,20.5869,25.2435,31.3588,34.0473,-999.9,400,13.3442,102.288,102.303
15,L,15,1707840931,4004,20240213 08:15:31,08:15:31,none,cabbi,1,,,1,,1707840931,0.001435206,1.435205606,-22.5912933,448.718,801.445874,81.80457599,45.8012037,0.09998247,2.96582594,0.098147025,0.061503992,247.4771999,22.94527184,21.7179,2.608196939,43.42525977,1.1430346,2.632188284,1.46516234,-63.29256724,23.96805185,1.654813859,209.8074984,-57.37633562,1.687402723,-22.5912933,403.8914822,458.8716727,-8.835536088,67.01898376,1.435205606,9.765762165,11.27087152,-0.060424786,78.56027912,42,6,1,0,54916.03012,-,-,0,0,#DIV/0!,0,-,-,0,0,#DIV/0!,0.5,1091.6724,-22.5912933,#DIV/0!,-0.020694206,#DIV/0!,#DIV/0!,-,0,#DIV/0!,#DIV/0!,#DIV/0!,#DIV/0!,#DIV/0!,#DIV/0!,#DIV/0!,#DIV/0!,,,,,,,,,,,,,,,,,,,,,,,,,,,,,,,,,,,1299.24,1091.6724,0.840239217,0.190478433,6,0.5,0: Broadleaf,2,TRUE,1707840931,448.718,399.967,11.1984,9.76176,450.779,11.2301,696.837,101.996,0.0752423,21.8678,21.7179,999.9,0,0,10008.5,0,0.00191117,48.7513,453.8,403.909,1.43669,399.967,9.76176,1.1422,0.995663,8.86879,6.85307,1299.24,0.991992,0.00800803,0,673.261,5.00018,13349.9,11139.1,40.125,40.25,40.812,41.312,41,1283.88,10.36,0,1685735341,0,290.255312,3975.890772,-1608421.553,292254.416,15,0,--:--:--,1755807718,1755807721,0,-0.117,-0.016,-2.009,0.03,420,15,0.09,0.01,-92.43214664,18.11563003,4.569272471,0,0.159169176,0.051203119,0.010843401,0,0,2,0/2,3.36128,2.7695,0.107309,0.0978313,0.067909,0.0604798,21227.5,22083.2,25228,25880.4,35781.5,36302.6,42218.4,41823.7,2.39316,2.4715,0.0210106,0,21.3713,999.9,58.7,23.8,17.0319,60.8147,8.40144,2,-0.520618,0,20.3674,5.20399,11.9132,4.99128,3.28114,9999,9999,9999,149.6,4.97188,1.85802,1.86726,1.86246,1.86462,1.86082,1.86317,1.86081,0,0,0,0,11111111,oooooooo,on,on,on,on,0,100,100,-2.061,-0.0317,-1.140465382,-0.002493248,1.1597E-06,-3.50138E-10,-0.086309181,-0.007593507,0.001367325,-2.29441E-05,2,2118,1,27,-799446.4,-799446.5,1.25854,2.46338,2.19604,2.69653,2.14966,2.44751,28.5426,14.5873,18,635.691,771.453,21.7963,20.6294,30.0006,20.6063,20.5099,25.2641,44.1459,22.5322,-999.9,400,9.79557,102.306,102.323
16,L,16,1707841526,4599,20240213 08:25:26,08:25:26,none,cabbi,1,,,1,,1707841526,0.000319049,0.319048778,0.197101064,553.334,523.9699887,53.49660312,56.49462762,0.020169114,2.957811664,0.020093019,0.01256495,247.6025999,25.00710974,22.3931,2.717793564,38.46023705,1.127137932,2.930657787,1.590655632,-14.07005112,198.6890818,13.9271616,446.1487922,-179.309484,0.906801959,0.197101064,404.1621714,576.2630606,-43.50610195,67.01872749,0.319048778,10.26970184,11.07258303,-0.114688237,78.56330388,22,3,1,0,54351.27544,-,-,0,0,#DIV/0!,0,-,-,0,0,#DIV/0!,0.5,1092.2268,0.197101064,#DIV/0!,0.000180458,#DIV/0!,#DIV/0!,-,0,#DIV/0!,#DIV/0!,#DIV/0!,#DIV/0!,#DIV/0!,#DIV/0!,#DIV/0!,#DIV/0!,,,,,,,,,,,,,,,,,,,,,,,,,,,,,,,,,,,1299.9,1092.2268,0.840239095,0.190478191,6,0.5,0: Broadleaf,2,TRUE,1707841526,553.334,400.026,11.0397,10.2708,555.562,11.0736,699.798,102.023,0.0756016,23.6391,22.3931,999.9,0,0,9960.5,0,0.00191117,153.309,559.511,404.177,0.768913,400.026,10.2708,1.1263,1.04785,8.66148,7.5993,1299.9,0.991997,0.00800304,0,662.553,5.00018,12634,11144.8,38.312,39.125,39.125,39.062,39.5,1284.54,10.36,0,1685735935,0,543.71875,3044.29843,-1140524.912,111371.3573,15,0,--:--:--,1755807718,1755807721,0,-0.117,-0.016,-2.009,0.03,420,15,0.09,0.01,-334.1884039,-162.290938,189.8462459,0,0.104059688,-0.118871255,0.026509262,0,0,2,0/2,3.36475,2.76947,0.12464,0.0976979,0.0670859,0.0627993,20782.9,22049.4,25191.4,25841,35758.5,36162.2,42152.2,41765.2,2.4217,2.44292,-0.0191629,0,22.7088,999.9,49.7,24.9,15.3989,60.4447,8.77805,2,-0.463177,0,20.3694,5.20411,11.9141,4.99188,3.28092,9999,9999,9999,149.8,4.97189,1.85806,1.86737,1.86249,1.86476,1.86095,1.86325,1.86081,0,0,0,0,11111111,oooooooo,on,on,on,on,0,100,100,-2.228,-0.0339,-1.140465382,-0.002493248,1.1597E-06,-3.50138E-10,-0.086309181,-0.007593507,0.001367325,-2.29441E-05,2,2118,1,27,-799436.5,-799436.6,1.26343,2.47803,2.19604,2.69531,2.14966,2.42554,29.4314,14.4648,18,663.278,756.438,22.7737,21.4274,30.0012,21.2652,21.1981,25.3503,35.7751,9.35047,-999.9,400,10.3406,102.15,102.174
17,L,17,1707841746,4819,20240213 08:29:06,08:29:06,none,cabbi,1,,,1,,1707841746,0.000508199,0.508198685,3.607152073,410.011,204.0483658,20.83351035,41.86246911,0.029371571,2.966134115,0.029210944,0.018271198,247.6247999,24.94982214,23.2983,2.871035331,38.55374978,1.129531426,2.929757631,1.741503905,-22.41156201,53.68186167,3.769410814,282.6645104,-11.97626077,0.738907902,3.607152073,404.2052515,416.0859879,-3.790566488,67.02042036,0.508198685,10.44992754,11.07421394,-0.041704986,78.57075388,22,3,1,0,54598.80654,-,-,0,0,#DIV/0!,0,-,-,0,0,#DIV/0!,0.5,1092.3273,3.607152073,#DIV/0!,0.003302263,#DIV/0!,#DIV/0!,-,0,#DIV/0!,#DIV/0!,#DIV/0!,#DIV/0!,#DIV/0!,#DIV/0!,#DIV/0!,#DIV/0!,,,,,,,,,,,,,,,,,,,,,,,,,,,,,,,,,,,1300.02,1092.3273,0.840238842,0.190477685,6,0.5,0: Broadleaf,2,TRUE,1707841746,410.011,400.006,11.0629,10.4366,412.006,11.0965,700.048,102.024,0.0768439,23.634,23.2983,999.9,0,0,10007.5,0,0.00191117,10.0049,414.598,404.225,0.626328,400.006,10.4366,1.12868,1.06478,8.69272,7.83432,1300.02,0.99201,0.00798981,0,554.055,5.00018,9842.4,11145.9,38.187,38.687,39.187,38.062,39.062,1284.67,10.35,0,1685736156,0,490.59938,1491.019542,-2697568.513,144916.888,15,0,--:--:--,1755807718,1755807721,0,-0.117,-0.016,-2.009,0.03,420,15,0.09,0.01,-63.46787723,346.3071884,38.44099688,0,0.091835156,-0.331085526,0.040526532,0,0,2,0/2,3.36508,2.77113,0.100103,0.0976205,0.0671412,0.0635268,21355.6,22040,25182.8,25829.2,35743.4,36119.4,42136.6,41748.2,2.41642,2.43426,0.0599921,0,22.3105,999.9,47.5,25.3,15.0708,60.3147,8.41346,2,-0.443618,0,20.3681,5.20447,11.9141,4.99216,3.28134,9999,9999,9999,149.8,4.97189,1.85811,1.86737,1.8625,1.86478,1.86096,1.86325,1.86083,0,0,0,0,11111111,oooooooo,on,on,on,on,0,100,100,-1.995,-0.0336,-1.140465382,-0.002493248,1.1597E-06,-3.50138E-10,-0.086309181,-0.007593507,0.001367325,-2.29441E-05,2,2118,1,27,-799432.9,-799432.9,1.26343,2.48047,2.19604,2.69409,2.14966,2.42065,29.8578,14.4297,18,663.142,753.253,22.9249,21.7086,30.0009,21.5626,21.499,25.3707,33.6721,6.31081,-999.9,400,10.4947,102.113,102.131
18,L,18,1707842170,5242.6,20240213 08:36:09,08:36:09,none,cabbi,1,,,1,,1707842170,0.000454556,0.454555778,2.796743357,405.016,188.575019,19.25260926,41.35020022,0.021747327,2.963948846,0.021659067,0.013544817,276.0837999,26.21846049,25.3458,3.245824228,36.74811135,1.149285964,3.127469471,2.096538264,-20.04590982,-99.58263003,-7.109235155,149.3460249,-6.07919051,0.526603123,2.796743357,404.3533702,410.4690485,-2.164953768,67.02432302,0.454555778,10.80720754,11.26097152,-0.014817124,78.58873789,0,0,1,0,54334.42076,-,-,0,0,#DIV/0!,0,-,-,0,0,#DIV/0!,0.5,1218.2025,2.796743357,#DIV/0!,0.002295795,#DIV/0!,#DIV/0!,-,0,#DIV/0!,#DIV/0!,#DIV/0!,#DIV/0!,#DIV/0!,#DIV/0!,#DIV/0!,#DIV/0!,,,,,,,,,,,,,,,,,,,,,,,,,,,,,,,,,,,1449.88,1218.2025,0.84020919,0.190418379,6,0.5,0: Broadleaf,2,TRUE,1707842170,405.016,399.988,11.257,10.8107,407.003,11.2878,699.989,102.015,0.0802264,24.7226,25.3458,999.9,0,0,9996,0,0.00191117,5.02814,409.627,404.359,0.446263,399.988,10.8107,1.14838,1.10285,8.94868,8.35105,1449.88,0.993002,0.00699757,0,466.701,5.00018,8915.4,12439.2,37.312,38,38.125,37.125,38.125,1434.77,10.11,0,1685736579,0,492.25528,-250.312693,-1258115.385,65832.7952,15,0,--:--:--,1755807718,1755807721,0,-0.117,-0.016,-2.009,0.03,420,15,0.09,0.01,-27.71769419,7.990935953,41.35882981,0,0.027933085,0.137524593,0.031350013,0,0,2,0/2,3.36511,2.77441,0.0990212,0.09746,0.0679166,0.0651551,21355.6,22014.5,25155.8,25797.8,35673.8,36018.1,42088.9,41703.6,2.46518,2.41812,0.118333,0,23.4023,999.9,44.9,26.1,14.9386,60.8302,8.6899,2,-0.398437,0,20.3662,5.2004,11.9141,4.99028,3.28106,9999,9999,9999,149.9,4.97192,1.85822,1.86745,1.86264,1.86482,1.86104,1.86328,1.86096,0,0,0,0,11111111,oooooooo,on,on,on,on,0,100,100,-1.987,-0.0308,-1.140465382,-0.002493248,1.1597E-06,-3.50138E-10,-0.086309181,-0.007593507,0.001367325,-2.29441E-05,2,2118,1,27,-799425.8,-799425.8,1.26587,2.48901,2.19604,2.69653,2.14966,2.41577,30.8686,14.3422,18,706.748,747.874,23.5777,22.3387,30.001,22.1598,22.1035,25.4104,31.725,2.21044,-999.9,400,10.7395,102,102.016
19,L,19,1707842706,5778.6,20240213 08:45:05,08:45:05,none,cabbi,1,,,1,,1707842706,0.000455415,0.455414633,8.756049159,427.309,-171.5821959,-17.51909116,43.62961603,0.023637451,2.967951153,0.023533362,0.014717665,247.5480999,26.55200416,24.5943,3.103577222,36.27578225,1.169030582,3.222619911,1.93454664,-20.08378531,100.9491624,7.188062037,335.601539,-32.00297029,0.324093316,8.756049159,404.5242861,435.2373091,-9.723965613,67.02813679,0.455414633,11.17492388,11.43877455,0.026442887,78.60744245,0,0,1,0,54361.05791,-,-,0,0,#DIV/0!,0,-,-,0,0,#DIV/0!,0.5,1091.9835,8.756049159,#DIV/0!,0.008018481,#DIV/0!,#DIV/0!,-,0,#DIV/0!,#DIV/0!,#DIV/0!,#DIV/0!,#DIV/0!,#DIV/0!,#DIV/0!,#DIV/0!,,,,,,,,,,,,,,,,,,,,,,,,,,,,,,,,,,,1299.61,1091.9835,0.840239379,0.190478759,6,0.5,0: Broadleaf,2,TRUE,1707842706,427.309,399.988,11.4495,11.1748,429.334,11.4775,699.78,102.022,0.0811994,25.2252,24.5943,999.9,0,0,10018,0,0.00191117,27.3216,432.258,404.508,0.274618,399.988,11.1748,1.16809,1.14008,9.20098,8.84123,1299.61,0.991991,0.0080085,0,724.795,5.00018,13724.5,11142.3,39.625,40.562,40.187,41.187,41,1284.24,10.37,0,1685737115,0,501.0590462,3935.66719,-2094085.5,222593.194,15,0,--:--:--,1755807718,1755807721,0,-0.117,-0.016,-2.009,0.03,420,15,0.09,0.01,-58.75114645,-331.7661595,97.01723073,0,0.007312307,0.10670088,0.012901814,0,0,2,0/2,3.36497,2.77556,0.102863,0.0972448,0.0686304,0.0666724,21235.3,21985.1,25125.2,25761.5,35600.2,35913.9,42033,41650.6,2.43122,2.39426,0.0270754,0,24.1496,999.9,42.5,27.3,15.1747,60.5402,8.5617,2,-0.336959,0,20.3695,5.20363,11.9142,4.99216,3.28134,9999,9999,9999,150.1,4.97196,1.85837,1.86753,1.86279,1.86493,1.86111,1.8634,1.86109,0,0,0,0,11111111,oooooooo,on,on,on,on,0,100,100,-2.025,-0.028,-1.140465382,-0.002493248,1.1597E-06,-3.50138E-10,-0.086309181,-0.007593507,0.001367325,-2.29441E-05,2,2118,1,27,-799416.9,-799416.9,1.26831,2.4939,2.19604,2.69287,2.14966,2.45605,32.1124,14.2984,18,692.767,739.711,24.3338,23.2102,30.0007,23.0763,22.997,25.4455,29.5519,0,-999.9,400,11.1935,101.868,101.881
20,L,20,1707843099,6172.1,20240213 08:51:39,08:51:39,none,cabbi,1,,,1,,1707843099,0.000655737,0.655736821,4.168504913,397.35,193.853447,19.79535025,40.57540653,0.034488738,2.965866067,0.034267474,0.021436932,285.4299999,26.09784881,24.5186,3.089555201,37.88896151,1.17631407,3.104635289,1.913241131,-28.91799382,13.01551579,0.924148258,270.4516702,2.914877192,0.984228004,4.168504913,404.5600208,402.0959333,-0.290820341,67.02722879,0.655736821,11.01050867,11.53715697,0.006263304,78.59776408,0,0,1,0,54413.87594,-,-,0,0,#DIV/0!,0,-,-,0,0,#DIV/0!,0.5,1259.4402,4.168504913,#DIV/0!,0.003309808,#DIV/0!,#DIV/0!,-,0,#DIV/0!,#DIV/0!,#DIV/0!,#DIV/0!,#DIV/0!,#DIV/0!,#DIV/0!,#DIV/0!,,,,,,,,,,,,,,,,,,,,,,,,,,,,,,,,,,,1498.96,1259.4402,0.840209345,0.19041869,6,0.5,0: Broadleaf,2,TRUE,1707843099,397.35,400.184,11.5195,10.6855,399.323,11.5465,699.921,102.034,0.0810284,24.6,24.5186,999.9,0,0,10005,0,0.00191117,-2.83478,401.98,404.507,0.834076,400.184,10.6855,1.17539,1.09028,9.29338,8.18216,1498.96,0.992999,0.0070011,0,506.951,5.00018,8976.12,12861.8,39.812,40.5,40.312,41.125,41,1483.5,10.46,0,1685737509,0,519.1684615,-129.017299,3651.991105,8530.759231,15,0,--:--:--,1755807718,1755807721,0,-0.117,-0.016,-2.009,0.03,420,15,0.09,0.01,-3.971117184,122.5855796,16.95670388,0,0.021106018,0.152980374,0.019313946,0,0,2,0/2,3.36494,2.77528,0.097388,0.0972824,0.0689572,0.064433,21366.9,21989,25127.4,25767,35591.3,36006.9,42037.5,41658.2,2.46532,2.39294,0.109583,0,22.7166,999.9,37.2,27.9,13.7548,60.7402,8.8782,2,-0.339843,0,20.3685,5.20315,11.9141,4.99104,3.28136,9999,9999,9999,150.2,4.97196,1.85837,1.86754,1.86279,1.86493,1.86112,1.8634,1.8611,0,0,0,0,11111111,oooooooo,on,on,on,on,0,100,100,-1.973,-0.027,-1.140465382,-0.002493248,1.1597E-06,-3.50138E-10,-0.086309181,-0.007593507,0.001367325,-2.29441E-05,2,2118,1,27,-799410.3,-799410.4,1.27075,2.50366,2.19604,2.68799,2.14966,2.4585,32.2225,14.2283,18,718.582,738.929,24.2247,23.1474,29.9997,23.0625,23.023,25.4979,26.177,0,-999.9,400,10.0245,101.879,101.901
21,L,21,1707843691,6764,20240213 09:01:31,09:01:31,none,cabbi,1,,,1,,1707843691,0.00100613,1.006130031,6.241446731,403.495,212.9297819,21.74207806,41.20052962,0.055496552,2.966007906,0.05492607,0.034379561,285.6193999,26.15182612,24.0876,3.010770719,37.64259427,1.178717342,3.131339283,1.832053377,-44.37033435,104.8486713,7.433493029,353.5312299,-4.414353409,0.87313322,6.241446731,404.3980495,409.2411939,-2.598945352,67.02895237,1.006130031,10.80715651,11.53265818,0.027401775,78.62240611,26,4,1,0,54391.83421,-,-,0,0,#DIV/0!,0,-,-,0,0,#DIV/0!,0.5,1260.2799,6.241446731,#DIV/0!,0.004952429,#DIV/0!,#DIV/0!,-,0,#DIV/0!,#DIV/0!,#DIV/0!,#DIV/0!,#DIV/0!,#DIV/0!,#DIV/0!,#DIV/0!,,,,,,,,,,,,,,,,,,,,,,,,,,,,,,,,,,,1499.96,1260.2799,0.840209006,0.190418011,6,0.5,0: Broadleaf,2,TRUE,1707843691,403.495,400.014,11.5437,10.8041,405.591,11.5036,700.152,102.032,0.0771454,24.7433,24.0876,999.9,0,0,10006,0,0.00191117,3.48001,408.207,404.384,0.739571,400.014,10.8041,1.17783,1.10237,9.32421,8.34454,1499.96,0.993007,0.00699285,0,686.588,5.00018,17252.2,12870.4,38.75,38.5,39.312,38,39.437,1484.51,10.45,0,1685738101,0,722.71868,216.4916917,-1019440.391,63410.68,15,1707843540,08:59:00,1707843540,1707843540,1,-0.112,0.068,-2.09,0.03,400,11,0.28,0.05,-45.5649044,209.5280761,87.22318606,0,0.032208867,0.205244375,0.021838511,0,0,2,0/2,3.36526,2.77141,0.0986246,0.0973224,0.0688128,0.0650293,21348.3,22002.1,25138.4,25781.8,35614.2,36004.2,42058.4,41681.9,2.39032,2.39708,0.048399,0,23.2918,999.9,35.5,28.2,13.358,60.7602,8.65785,2,-0.362285,0,20.3668,5.20291,11.9141,4.9918,3.28124,9999,9999,9999,150.4,4.97195,1.85836,1.86753,1.86276,1.86492,1.86111,1.8634,1.861,0,0,0,0,11111111,oooooooo,on,on,on,on,0,100,100,-2.096,0.0401,-1.252214355,-0.002493248,1.1597E-06,-3.50138E-10,-0.018539783,-0.007593507,0.001367325,-2.29441E-05,2,2118,1,27,2.5,2.5,1.27319,2.50366,2.19604,2.68433,2.14844,2.44751,32.0244,14.1583,18,658.876,738.514,23.8219,22.8135,30,22.7642,22.736,25.5495,21.6297,6.39785,-999.9,400,10.763,101.927,101.959
22,L,22,1707844344,7416.5,20240213 09:12:23,09:12:23,none,cabbi,1,,,1,,1707844344,0.000503374,0.503374392,4.622917039,397.323,162.5160333,16.59638377,40.5752273,0.032630917,2.967538497,0.032432885,0.020288245,162.0922813,25.68380309,24.9042,3.161562091,51.15129951,1.613642507,3.154646161,1.547919584,-22.19881068,-5.871483831,-0.418034706,133.6039521,3.038428263,0.460763325,4.622917039,406.3730854,403.8471091,-0.380184866,67.02371353,0.503374392,15.54248277,15.79644727,0.036934064,78.57679075,0,0,1,0,54414.63033,-,-,0,0,#DIV/0!,0,-,-,0,0,#DIV/0!,0.5,714.2305807,4.622917039,#DIV/0!,0.006472583,#DIV/0!,#DIV/0!,-,0,#DIV/0!,#DIV/0!,#DIV/0!,#DIV/0!,#DIV/0!,#DIV/0!,#DIV/0!,#DIV/0!,,,,,,,,,,,,,,,,,,,,,,,,,,,,,,,,,,,849.912,714.2305807,0.840358273,0.190716546,6,0.5,0: Broadleaf,2,TRUE,1707844344,397.323,400.085,15.8012,15.4124,399.408,15.6909,699.819,102.044,0.0775165,24.8675,24.9042,999.9,0,0,10013.5,0,0.00191117,-2.76221,403.702,406.348,0.388827,400.085,15.4124,1.61241,1.57273,14.0779,13.6942,849.912,0.987983,0.0120173,0,1281.75,5.00018,19805.6,7263.52,39.312,39.812,39.937,39.937,40.687,834.76,10.15,0,1685738753,0,1408.637308,-1222.932307,-27451.15211,21391.71538,15,1707843540,08:59:00,1707843540,1707843540,1,-0.112,0.068,-2.09,0.03,400,11,0.28,0.05,-6.47438131,195.0313212,41.3394293,0,-0.035330627,1.096642673,0.156164658,0,0,2,0/2,3.36677,2.77184,0.0975349,0.0973939,0.0868978,0.0848373,21376.7,22002.7,25140.7,25783.6,34919.8,35243.4,42063.1,41686,2.43608,2.40794,0.0717938,0,23.725,999.9,48.4,28.4,18.4239,60.8102,8.44952,2,-0.364571,0,20.3735,5.20387,11.9141,4.99212,3.28094,9999,9999,9999,150.5,4.97198,1.85832,1.86752,1.86269,1.86492,1.86111,1.86338,1.86097,0,0,0,0,11111111,oooooooo,on,on,on,on,0,100,100,-2.085,0.1103,-1.252214355,-0.002493248,1.1597E-06,-3.50138E-10,-0.018539783,-0.007593507,0.001367325,-2.29441E-05,2,2118,1,27,13.4,13.4,1.27808,2.51465,2.19604,2.67944,2.14966,2.45483,31.8049,14.097,18,692.095,747.746,23.864,22.7874,30.0009,22.7327,22.719,25.6496,26.1966,34.7398,-999.9,400,15.1063,101.938,101.968
23,L,1,1707854661,0,20240213 12:04:21,12:04:21,none,cabbi,1,,,1,,1707854661,0.000487803,0.487802892,2.741860134,399.665,221.0941748,22.56359971,40.78751095,0.026031995,2.964282804,0.025905655,0.016202334,162.141872,28.19824973,27.4069,3.665592773,49.06022486,1.795328122,3.659437206,1.870264651,-21.51210752,-4.586558897,-0.335232427,135.7079732,-1.171312674,-0.668610475,2.741860134,405.8004649,407.2061818,-0.972240948,67.02968277,0.487802892,18.16881411,17.5229903,0.230519201,78.62210671,23,3,1,0,53862.81911,-,-,0,0,#DIV/0!,0,-,-,0,0,#DIV/0!,0.5,714.449821,2.741860134,#DIV/0!,0.003837722,#DIV/0!,#DIV/0!,-,0,#DIV/0!,#DIV/0!,#DIV/0!,#DIV/0!,#DIV/0!,#DIV/0!,#DIV/0!,#DIV/0!,,,,,,,,,,,,,,,,,,,,,,,,,,,,,,,,,,,850.173,714.449821,0.840358164,0.190716327,6,0.5,0: Broadleaf,2,TRUE,1707854661,399.665,398.432,17.5919,18.1549,401.755,17.4485,700.016,101.968,0.0862478,27.3782,27.4069,999.9,0,0,10002.5,0,0.00191117,1.23355,406.822,405.799,-0.563097,398.432,18.1549,1.7938,1.85122,15.7329,16.2261,850.173,0.987993,0.0120072,0,375.59,5.00018,5801.39,7265.79,35.187,38.062,36.625,37.25,36.812,835.02,10.15,0,1685749071,0,426.0640769,-692.5061872,-24892.34096,7090.789231,15,1707843540,08:59:00,1707843540,1707843540,1,-0.112,0.068,-2.09,0.03,400,11,0.28,0.05,-16.50010613,81.3157051,22.80384811,0,-0.154877677,0.601634752,0.221069931,0,0,2,0/2,3.36783,2.78048,0.0967025,0.0958344,0.0927446,0.0943479,21197.4,21804.3,24929.7,25530.5,34393.1,34560.8,41685.6,41306.3,2.37672,2.31438,0.0779629,0,26.1315,999.9,60.3,31.7,27.7619,61.03,8.72195,2,0.0102947,0,20.3327,5.20184,11.9201,4.98992,3.2814,9999,9999,9999,153.4,4.97258,1.85944,1.86859,1.86386,1.86587,1.86218,1.86431,1.86206,0,0,0,0,11111111,oooooooo,on,on,on,on,0,100,100,-2.09,0.1434,-1.252214355,-0.002493248,1.1597E-06,-3.50138E-10,-0.018539783,-0.007593507,0.001367325,-2.29441E-05,2,2118,1,27,185.4,185.3,1.18896,2.50488,2.19604,2.69165,2.14844,2.48413,37.3138,23.9124,18,705.786,731.089,27.3075,27.5751,29.9994,27.6052,27.5998,23.8896,41.5724,90.3645,-999.9,400,18.2254,101.045,101.012
24,L,2,1707854856,195,20240213 12:07:36,12:07:36,none,cabbi,1,,,1,,1707854856,0.000773352,0.773352171,5.119656147,399.707,178.8465035,18.24980588,40.78679213,0.038951202,2.965483005,0.038669191,0.024193412,266.5684999,28.98721213,27.9151,3.776098084,48.21982308,1.791015965,3.714273198,1.985082119,-34.10483076,-45.19669636,-3.314685643,183.9522872,0.204345898,-0.622157609,5.119656147,407.0391193,407.3306121,-1.219258617,67.02971697,0.773352171,18.09490506,17.46817091,0.279067719,78.62184915,235,34,1,0,53852.33642,-,-,0,0,#DIV/0!,0,-,-,0,0,#DIV/0!,0.5,1176.2172,5.119656147,#DIV/0!,0.004352645,#DIV/0!,#DIV/0!,-,0,#DIV/0!,#DIV/0!,#DIV/0!,#DIV/0!,#DIV/0!,#DIV/0!,#DIV/0!,#DIV/0!,,,,,,,,,,,,,,,,,,,,,,,,,,,,,,,,,,,1399.91,1176.2172,0.840209156,0.190418313,6,0.5,0: Broadleaf,2,TRUE,1707854856,399.707,399.669,17.5518,18.0757,401.797,17.4091,700.024,101.966,0.0757259,27.6324,27.9151,999.9,0,0,10009.5,0,0.00191117,0.0382385,406.848,407.026,-0.523973,399.669,18.0757,1.78968,1.84311,15.697,16.1573,1399.91,0.993006,0.00699396,0,509.808,5.00018,9275.05,12009,38.062,42,39.312,41.75,39.937,1385.15,9.76,0,1685749266,0,592.68856,-1095.010306,-69988.80905,12810.1744,15,1707843540,08:59:00,1707843540,1707843540,1,-0.112,0.068,-2.09,0.03,400,11,0.28,0.05,-20.69082507,180.2360618,18.83895848,0,-0.176274741,1.391291025,0.152514601,0,0,2,0/2,3.36783,2.77003,0.0967588,0.096108,0.0926359,0.0940939,21206.6,21810.4,24941,25544.2,34413.2,34588,41705.6,41327.3,2.00696,2.31558,0.113666,0,26.0562,999.9,58.5,31.9,27.2397,61.15,7.90865,2,-0.00848984,0,20.3277,5.20267,11.9201,4.99076,3.28138,9999,9999,9999,153.5,4.97258,1.85952,1.86859,1.8639,1.86595,1.86219,1.86432,1.86218,0,0,0,0,11111111,oooooooo,on,on,on,on,0,100,100,-2.09,0.1427,-1.252214355,-0.002493248,1.1597E-06,-3.50138E-10,-0.018539783,-0.007593507,0.001367325,-2.29441E-05,2,2118,1,27,188.6,188.6,1.25244,2.52441,2.19604,2.68311,2.14966,2.41699,38.3056,23.8949,18,459.537,729.635,27.2955,27.3435,29.9999,27.3978,27.4019,25.1482,39.1633,81.5734,-999.9,400,18.1845,101.092,101.064
25,L,3,1707855008,346.5,20240213 12:10:07,12:10:07,none,cabbi,1,,,1,,1707855008,0.000518155,0.518154929,2.302993389,402.472,244.0080316,24.89698302,41.06560955,0.025044428,2.966632182,0.024927561,0.01559018,266.6001999,29.36517145,28.2883,3.859088707,47.5037782,1.79696223,3.782777492,2.062126477,-22.85063237,-54.84242274,-4.034311729,184.8728331,-2.578937955,-1.14310578,2.302993389,407.4309041,410.1722909,-1.218606781,67.0296014,0.518154929,18.54856241,17.51107273,0.322196593,78.61658414,189,27,1,0,53829.69526,-,-,0,0,#DIV/0!,0,-,-,0,0,#DIV/0!,0.5,1176.3597,2.302993389,#DIV/0!,0.001957729,#DIV/0!,#DIV/0!,-,0,#DIV/0!,#DIV/0!,#DIV/0!,#DIV/0!,#DIV/0!,#DIV/0!,#DIV/0!,#DIV/0!,,,,,,,,,,,,,,,,,,,,,,,,,,,,,,,,,,,1400.08,1176.3597,0.840208917,0.190417833,6,0.5,0: Broadleaf,2,TRUE,1707855008,402.472,399.867,17.6115,18.5741,404.566,17.4678,699.963,101.956,0.0774571,27.9454,28.2883,999.9,0,0,10017,0,0.00191117,2.60516,409.687,407.435,-0.96254,399.867,18.5741,1.79561,1.89375,15.7486,16.5828,1400.08,0.993009,0.00699085,0,347.805,5.00018,7006.74,12010.5,37.25,39.5,38.25,38.625,38.5,1385.33,9.75,0,1685749418,0,347.0546,176.448385,-476419.6719,28332.948,15,1707843540,08:59:00,1707843540,1707843540,1,-0.112,0.068,-2.09,0.03,400,11,0.28,0.05,-21.02382257,119.5981932,21.36279765,0,-0.192556811,0.894355798,0.206483211,0,0,2,0/2,3.36797,2.77182,0.0972696,0.0961505,0.0928624,0.0959517,21193.1,21808.5,24939.2,25543.1,34402.2,34516.2,41702.7,41326.4,2.09756,2.31406,0.102192,0,26.6183,999.9,55.6,32.1,26.1859,61.2,8.25721,2,-0.00714634,0,20.3267,5.20208,11.9201,4.99028,3.28134,9999,9999,9999,153.5,4.97259,1.85959,1.86864,1.86401,1.86599,1.86229,1.86433,1.86218,0,0,0,0,11111111,oooooooo,on,on,on,on,0,100,100,-2.094,0.1437,-1.252214355,-0.002493248,1.1597E-06,-3.50138E-10,-0.018539783,-0.007593507,0.001367325,-2.29441E-05,2,2118,1,27,191.1,191.1,1.26709,2.52441,2.19604,2.67944,2.14966,2.47437,39.0683,23.9036,18,511.549,727.809,27.4547,27.343,30,27.3632,27.3627,25.4193,35.2038,76.236,-999.9,400,18.5612,101.085,101.061
26,L,4,1707855248,586.5,20240213 12:14:07,12:14:07,none,cabbi,1,,,1,,1707855248,0.000716581,0.716580591,3.348250478,401.673,235.266489,24.00701037,40.98742629,0.034578364,2.965185454,0.034355901,0.021492306,266.5716999,29.46012186,28.4189,3.888504445,47.69808762,1.819690583,3.815017905,2.068813862,-31.60120405,-52.41779175,-3.863142884,178.6895612,-1.626243374,-0.900773182,3.348250478,407.5843075,409.4543152,-1.229871913,67.02968949,0.716580591,18.61447933,17.73857394,0.323496777,78.6262767,96,14,1,0,53761.47024,-,-,0,0,#DIV/0!,0,-,-,0,0,#DIV/0!,0.5,1176.2337,3.348250478,#DIV/0!,0.002846586,#DIV/0!,#DIV/0!,-,0,#DIV/0!,#DIV/0!,#DIV/0!,#DIV/0!,#DIV/0!,#DIV/0!,#DIV/0!,#DIV/0!,,,,,,,,,,,,,,,,,,,,,,,,,,,,,,,,,,,1399.93,1176.2337,0.840208939,0.190417878,6,0.5,0: Broadleaf,2,TRUE,1707855248,401.673,399.969,17.8328,18.5911,403.766,17.6849,700.021,101.959,0.082776,28.091,28.4189,999.9,0,0,10008.5,0,0.00191117,1.7045,408.966,407.546,-0.758261,399.969,18.5911,1.81821,1.89552,15.9442,16.5976,1399.93,0.993008,0.00699241,0,391.09,5.00018,7931.44,12009.2,36.75,38.687,37.562,38.187,38.062,1385.18,9.75,0,1685749658,0,401.4406,9.260536644,-816219.3804,43692.9608,15,1707843540,08:59:00,1707843540,1707843540,1,-0.112,0.068,-2.09,0.03,400,11,0.28,0.05,-24.67551115,159.9374268,22.91980007,0,-0.238497599,1.333034423,0.235075465,0,0,2,0/2,3.36803,2.77707,0.0971021,0.0961519,0.0936819,0.0959986,21189.6,21800.7,24931.2,25534.7,34359.9,34504.5,41689,41314.5,2.26,2.30672,0.106648,0,26.6764,999.9,51.4,32.6,24.902,60.93,8.8101,2,0.00559553,0,20.327,5.20148,11.9201,4.99044,3.28138,9999,9999,9999,153.6,4.97261,1.85967,1.86873,1.86402,1.86601,1.86234,1.86439,1.86225,0,0,0,0,11111111,oooooooo,on,on,on,on,0,100,100,-2.093,0.1479,-1.252214355,-0.002493248,1.1597E-06,-3.50138E-10,-0.018539783,-0.007593507,0.001367325,-2.29441E-05,2,2118,1,27,195.1,195.1,1.27319,2.54028,2.19604,2.68311,2.14966,2.47314,40.1967,23.8949,18,617.964,722.394,27.7121,27.4907,30,27.4602,27.4404,25.5468,30.5042,70.9719,-999.9,400,18.7033,101.052,101.03
27,L,5,1707855495,833.5,20240213 12:18:14,12:18:14,none,cabbi,1,,,1,,1707855495,0.000804687,0.804686918,0.389903815,447.968,416.1942625,42.46066536,45.70226226,0.0373648,2.965859348,0.037105243,0.023213947,266.5912999,29.46648432,28.5572,3.919867525,46.29211482,1.769058946,3.821512482,2.150808579,-35.48669309,-69.87429381,-5.152797169,156.0775159,-55.33076234,-1.537396864,0.389903815,407.5154958,461.2800303,-13.88249573,67.02957683,0.804686918,18.61051751,17.20581636,0.455532108,78.62734736,273,39,1,0,53775.67736,-,-,0,0,#DIV/0!,0,-,-,0,0,#DIV/0!,0.5,1176.318,0.389903815,#DIV/0!,0.000331461,#DIV/0!,#DIV/0!,-,0,#DIV/0!,#DIV/0!,#DIV/0!,#DIV/0!,#DIV/0!,#DIV/0!,#DIV/0!,#DIV/0!,,,,,,,,,,,,,,,,,,,,,,,,,,,,,,,,,,,1400.03,1176.318,0.840209138,0.190418277,6,0.5,0: Broadleaf,2,TRUE,1707855495,447.968,399.952,17.3401,18.635,450.14,17.2015,700.01,101.947,0.0742655,28.1202,28.5572,999.9,0,0,10013.5,0,0.00191117,48.0161,455.873,407.547,-1.29484,399.952,18.635,1.76777,1.89977,15.5047,16.6328,1400.03,0.993002,0.00699833,0,375.456,5.00018,7983.68,12010,36.312,38.562,37.062,38,38,1385.27,9.76,0,1685749905,0,340.5666,736.4942323,-1674739.147,92703.3504,15,1707843540,08:59:00,1707843540,1707843540,1,-0.112,0.068,-2.09,0.03,400,11,0.28,0.05,-123.7551784,-315.23819,117.2404645,0,-0.242126222,0.647906647,0.196222565,0,0,2,0/2,3.36805,2.7686,0.105416,0.0961639,0.0918188,0.0961738,21010.1,21818.3,24949,25555,34456.2,34524.6,41719.8,41346.6,1.92704,2.30676,0.120789,0,26.5837,999.9,48,33.1,23.9215,60.74,7.98878,2,-0.0155102,0,20.3283,5.20184,11.9201,4.98996,3.28138,9999,9999,9999,153.6,4.97264,1.85974,1.86874,1.86412,1.86603,1.86237,1.8644,1.86229,0,0,0,0,11111111,oooooooo,on,on,on,on,0,100,100,-2.172,0.1386,-1.252214355,-0.002493248,1.1597E-06,-3.50138E-10,-0.018539783,-0.007593507,0.001367325,-2.29441E-05,2,2118,1,27,199.2,199.2,1.27686,2.54883,2.19604,2.68921,2.14844,2.48901,40.8608,23.8861,18,416.67,721.133,27.8608,27.35,29.9994,27.3509,27.3369,25.6198,27.6927,68.361,-999.9,400,18.6774,101.126,101.11
28,L,6,1707855827,1165.6,20240213 12:23:46,12:23:46,none,cabbi,1,,,1,,1707855827,0.002202627,2.202627159,4.282311218,407.059,326.359132,33.29953849,41.53362203,0.102573701,2.96989363,0.100645467,0.063073642,266.5310999,29.90491323,28.9974,4.021167734,46.27426365,1.852437152,4.003169378,2.168730582,-97.13585773,-12.40875017,-0.919476822,156.0670152,-7.400664037,-2.121161842,4.282311218,408.0792172,415.5465697,-2.884761547,67.02892413,2.202627159,19.91240318,17.95253818,0.836386508,78.63721376,32,5,1,0,53750.78902,-,-,0,0,#DIV/0!,0,-,-,0,0,#DIV/0!,0.5,1176.0495,4.282311218,#DIV/0!,0.003641268,#DIV/0!,#DIV/0!,-,0,#DIV/0!,#DIV/0!,#DIV/0!,#DIV/0!,#DIV/0!,#DIV/0!,#DIV/0!,#DIV/0!,,,,,,,,,,,,,,,,,,,,,,,,,,,,,,,,,,,1399.71,1176.0495,0.8402094,0.190418801,6,0.5,0: Broadleaf,2,TRUE,1707855827,407.059,399.976,18.1552,19.9402,409.161,18.0012,700.051,101.946,0.0874203,28.9199,28.9974,999.9,0,0,10036.5,0,0.00191117,7.08276,414.586,408.114,-1.78506,399.976,19.9402,1.85085,2.03283,16.223,17.7024,1399.71,0.992997,0.00700278,0,401.27,5.00018,7488.28,12007.3,38.125,40.25,39,39.187,39.437,1384.94,9.77,0,1685750237,0,348.6175731,1679.905316,-1281035.282,92897.85846,15,1707843540,08:59:00,1707843540,1707843540,1,-0.112,0.068,-2.09,0.03,400,11,0.28,0.05,-29.80054327,146.6233128,15.80984362,0,-0.302986655,1.458578762,0.165509015,0,0,2,0/2,3.36863,2.78195,0.0981011,0.0961747,0.0948937,0.100933,21178.2,21814.4,24944.9,25550.9,34333.4,34338.3,41713.1,41341.2,2.36646,2.301,0.069201,0,27.8684,999.9,46.7,33.8,24.2027,60.7936,9.39904,2,-0.00869715,0,20.3254,5.19824,11.9201,4.9894,3.28092,9999,9999,9999,153.7,4.97263,1.85974,1.86874,1.86417,1.86604,1.86238,1.86438,1.86234,0,0,0,0,11111111,oooooooo,on,on,on,on,0,100,100,-2.102,0.154,-1.252214355,-0.002493248,1.1597E-06,-3.50138E-10,-0.018539783,-0.007593507,0.001367325,-2.29441E-05,2,2118,1,27,204.8,204.8,1.2793,2.55981,2.19604,2.68799,2.14966,2.46338,41.7174,23.8774,18,695.304,716.416,28.4887,27.4213,30.0008,27.386,27.3582,25.6893,24.0991,66.8579,-999.9,400,19.9329,101.11,101.095
29,L,7,1707856035,1374.1,20240213 12:27:15,12:27:15,none,cabbi,1,,,1,,1707856035,0.000986214,0.98621351,4.282069392,403.263,252.9968375,25.81001093,41.13973337,0.049428984,2.963920958,0.048975562,0.030650118,266.5969999,30.18119701,28.4875,3.904033792,47.77489369,1.908250796,3.994254405,1.995782996,-43.49201578,62.94163815,4.660597454,290.7072198,-3.445433503,-0.991401286,4.282069392,407.9402643,411.7119394,-1.933278235,67.02629735,0.98621351,19.53476148,18.5885,0.387740934,78.9716522,281,40,1,0,53583.51556,-,-,0,0,#DIV/0!,0,-,-,0,0,#DIV/0!,0.5,1176.3432,4.282069392,#DIV/0!,0.003640153,#DIV/0!,#DIV/0!,-,0,#DIV/0!,#DIV/0!,#DIV/0!,#DIV/0!,#DIV/0!,#DIV/0!,#DIV/0!,#DIV/0!,,,,,,,,,,,,,,,,,,,,,,,,,,,,,,,,,,,1400.06,1176.3432,0.840209134,0.190418268,6,0.5,0: Broadleaf,2,TRUE,1707856035,403.263,399.967,18.7052,19.5391,405.358,18.5408,699.981,101.942,0.0751287,28.8814,28.4875,999.9,0,0,10003,0,0.00191117,3.29568,410.95,407.938,-0.833878,399.967,19.5391,1.90684,1.99185,16.6913,17.3797,1400.06,0.993006,0.00699389,0,441.283,5.00018,8497.32,12010.3,37.5,39.812,38.437,38.375,38.75,1385.3,9.76,0,1685750445,0,420.7784615,530.9062553,-824148.1768,47838.19192,15,1707843540,08:59:00,1707843540,1707843540,1,-0.112,0.068,-2.09,0.03,400,11,0.28,0.05,-30.21970602,79.34484035,61.02563038,0,-0.134120218,-0.191466802,0.219188877,0,0,2,0/2,3.36838,2.76937,0.097371,0.0961304,0.0969197,0.099445,21186.9,21807,24935.9,25542,34243.1,34384.2,41696.9,41328,1.90658,2.29452,0.0720322,0,27.3112,999.9,46,34.1,24.2432,61.1036,8.10096,2,0.00614024,0,20.3265,5.20172,11.9201,4.99,3.2814,9999,9999,9999,153.8,4.97264,1.85974,1.86874,1.86415,1.866,1.86235,1.86437,1.86228,0,0,0,0,11111111,oooooooo,on,on,on,on,0,100,100,-2.095,0.1644,-1.252214355,-0.002493248,1.1597E-06,-3.50138E-10,-0.018539783,-0.007593507,0.001367325,-2.29441E-05,2,2118,1,27,208.3,208.3,1.28174,2.56836,2.19604,2.68677,2.14844,2.47925,41.5866,23.8774,18,407.352,712.572,28.5419,27.5975,30.0002,27.523,27.498,25.7224,25.7703,66.4867,-999.9,400,19.5093,101.071,101.062
30,L,8,1707856540,1879.1,20240213 12:35:40,12:35:40,none,cabbi,1,,,1,,1707856540,0.001436584,1.436584288,3.152882856,404.635,314.1522104,32.04967644,41.28069259,0.065564222,2.963042045,0.064768797,0.04055116,266.5804999,30.3595774,29.3045,4.093183316,46.68702752,1.896799034,4.062796744,2.196384282,-63.3533671,-20.60691443,-1.534766118,181.0854523,-4.701905258,-1.752354151,3.152882856,408.1708537,413.0867152,-1.976155546,67.02747063,1.436584288,20.07291122,18.41306242,0.629657535,78.63690407,7,1,1,0,53505.58405,-,-,0,0,#DIV/0!,0,-,-,0,0,#DIV/0!,0.5,1176.2679,3.152882856,#DIV/0!,0.002680412,#DIV/0!,#DIV/0!,-,0,#DIV/0!,#DIV/0!,#DIV/0!,#DIV/0!,#DIV/0!,#DIV/0!,#DIV/0!,#DIV/0!,,,,,,,,,,,,,,,,,,,,,,,,,,,,,,,,,,,1399.97,1176.2679,0.840209362,0.190418723,6,0.5,0: Broadleaf,2,TRUE,1707856540,404.635,399.997,18.5925,20.0666,406.733,18.4302,699.996,101.932,0.0875796,29.1755,29.3045,999.9,0,0,9999,0,0.00191117,4.63788,412.301,408.188,-1.47412,399.997,20.0666,1.89517,2.04543,16.5947,17.8005,1399.97,0.992999,0.0070013,0,422.017,5.00018,7988.77,12009.5,37.437,39.875,38.312,38.875,38.812,1385.2,9.77,0,1685750950,0,418.59776,259.3744582,-442688.8715,39732.0164,15,1707843540,08:59:00,1707843540,1707843540,1,-0.112,0.068,-2.09,0.03,400,11,0.28,0.05,-19.36601862,31.87620447,20.3915479,0,-0.209465096,0.223724236,0.24650121,0,0,2,0/2,3.36859,2.78179,0.0975232,0.096045,0.0964032,0.101255,21173.9,21795.5,24926.5,25527.9,34249.5,34299.3,41679.5,41308.9,2.39678,2.28598,0.103921,0,27.6091,999.9,44.3,34.4,23.7431,60.7936,9.38702,2,0.0295366,0,20.3263,5.20112,11.9201,4.99,3.28146,9999,9999,9999,153.9,4.97262,1.85973,1.86874,1.86412,1.86601,1.86234,1.86433,1.86227,0,0,0,0,11111111,oooooooo,on,on,on,on,0,100,100,-2.098,0.1623,-1.252214355,-0.002493248,1.1597E-06,-3.50138E-10,-0.018539783,-0.007593507,0.001367325,-2.29441E-05,2,2118,1,27,216.7,216.7,1.28662,2.57812,2.19604,2.68677,2.14966,2.44019,41.7436,23.8774,18,724.952,709.63,29.1236,27.975,30.0002,27.8882,27.8557,25.8338,21.5212,66.4885,-999.9,400,20.1099,101.031,101.012
31,L,9,1707856772,2110.6,20240213 12:39:31,12:39:31,none,cabbi,1,,,1,,1707856772,0.001591154,1.591154281,3.551920033,408.295,314.6762975,32.10042585,41.65055797,0.071341858,2.962621526,0.07040102,0.044084134,266.5785999,30.18670679,29.0911,4.043022522,44.73462815,1.803512668,4.031580774,2.239509854,-70.1699038,-7.826321733,-0.581970346,188.000404,-8.573218062,-2.711914525,3.551920033,408.1324373,416.6058303,-2.98068612,67.02743724,1.591154281,19.96007586,17.46078909,0.842385936,78.63444673,14,2,1,0,53516.78737,-,-,0,0,#DIV/0!,0,-,-,0,0,#DIV/0!,0.5,1176.2595,3.551920033,#DIV/0!,0.003019674,#DIV/0!,#DIV/0!,-,0,#DIV/0!,#DIV/0!,#DIV/0!,#DIV/0!,#DIV/0!,#DIV/0!,#DIV/0!,#DIV/0!,,,,,,,,,,,,,,,,,,,,,,,,,,,,,,,,,,,1399.96,1176.2595,0.840209363,0.190418726,6,0.5,0: Broadleaf,2,TRUE,1707856772,408.295,399.996,17.6796,19.9634,410.399,17.5345,699.878,101.923,0.087943,29.0421,29.0911,999.9,0,0,9997.5,0,0.00191117,8.29935,415.643,408.144,-2.28379,399.996,19.9634,1.80196,2.03473,15.8038,17.7172,1399.96,0.992999,0.00700139,0,827.586,5.00018,12934.4,12009.5,36.75,38.625,37.625,37.875,38.187,1385.19,9.77,0,1685751182,0,960.5688,-1702.306314,-258946.8079,35388.128,15,1707843540,08:59:00,1707843540,1707843540,1,-0.112,0.068,-2.09,0.03,400,11,0.28,0.05,-22.71870855,-24.2335918,18.66509907,0,-0.261019957,-0.624004432,0.226767245,0,0,2,0/2,3.36842,2.78214,0.0981814,0.0960441,0.0929626,0.100884,21158.2,21798.3,24926.1,25530.8,34380.3,34317.4,41679.3,41313.6,2.38672,2.28598,0.0798404,0,27.7886,999.9,44.2,34.5,23.8265,60.6437,9.5593,2,0.0266992,0,20.327,5.20196,11.9201,4.98932,3.2814,9999,9999,9999,154,4.97264,1.85961,1.8687,1.86404,1.866,1.86233,1.86432,1.86219,0,0,0,0,11111111,oooooooo,on,on,on,on,0,100,100,-2.104,0.1451,-1.252214355,-0.002493248,1.1597E-06,-3.50138E-10,-0.018539783,-0.007593507,0.001367325,-2.29441E-05,2,2118,1,27,220.5,220.5,1.28906,2.57446,2.19604,2.68921,2.14966,2.48779,41.1964,23.8861,18,716.725,709.21,28.9789,27.8996,29.9996,27.8671,27.8211,25.8646,22.7114,66.8609,-999.9,400,19.9647,101.03,101.023
32,L,10,1707857258,2597.1,20240213 12:47:38,12:47:38,none,cabbi,1,,,1,,1707857258,0.00040466,0.40465954,7.98804001,424.333,-225.8890418,-23.03827167,43.27743769,0.019817835,2.960915001,0.019744438,0.012346846,266.5823999,29.25346934,27.5758,3.702001793,44.43231698,1.666760599,3.75123494,2.035241194,-17.84548571,36.09208288,2.648800485,287.4777976,-27.1160904,-2.975926742,7.98804001,407.6442177,433.4592303,-8.403016537,67.02843785,0.40465954,18.85400616,16.12274364,0.671092917,78.62860067,72,10,1,0,53687.2293,-,-,0,0,#DIV/0!,0,-,-,0,0,#DIV/0!,0.5,1176.2763,7.98804001,#DIV/0!,0.006790956,#DIV/0!,#DIV/0!,-,0,#DIV/0!,#DIV/0!,#DIV/0!,#DIV/0!,#DIV/0!,#DIV/0!,#DIV/0!,#DIV/0!,,,,,,,,,,,,,,,,,,,,,,,,,,,,,,,,,,,1399.98,1176.2763,0.84020936,0.19041872,6,0.5,0: Broadleaf,2,TRUE,1707857258,424.333,399.987,16.3425,18.8538,426.465,16.2223,699.389,101.906,0.0833284,27.8019,27.5758,999.9,0,0,9989.5,0,0.00191117,24.3456,431.383,407.674,-2.51134,399.987,18.8538,1.66539,1.92131,14.5775,16.8103,1399.98,0.992999,0.00700144,0,609.933,5.00018,9991.1,12009.6,37.437,38.562,38.312,37.437,38.562,1385.21,9.77,0,1685751668,0,510.2207269,2363.706706,-418728.8059,47284.07731,15,1707843540,08:59:00,1707843540,1707843540,1,-0.112,0.068,-2.09,0.03,400,11,0.28,0.05,-106.219438,517.3565623,207.5005831,0,-0.255902979,-0.596736748,0.19254355,0,0,2,0/2,3.3675,2.77745,0.101324,0.0962637,0.0880256,0.0970651,21130.2,21847.5,24974.6,25588.8,34638.5,34536.5,41766.5,41401.9,2.30842,2.30594,0.0447631,0,26.844,999.9,45.1,34,23.6463,60.8737,9.69151,2,-0.0632398,0,20.3663,5.20208,11.9201,4.9904,3.2814,9999,9999,9999,154.1,4.97206,1.85913,1.86816,1.86356,1.86554,1.86185,1.86386,1.86172,0,0,0,0,11111111,oooooooo,on,on,on,on,0,100,100,-2.132,0.1202,-1.252214355,-0.002493248,1.1597E-06,-3.50138E-10,-0.018539783,-0.007593507,0.001367325,-2.29441E-05,2,2118,1,27,228.6,228.6,1.29028,2.57568,2.19604,2.68066,2.14966,2.4646,39.4666,14.0095,18,645.49,713.865,27.7108,26.7229,29.9996,26.7965,26.8129,25.8999,27.0071,65.3739,-999.9,400,18.8372,101.236,101.244
33,L,11,1707858261,3599.5,20240213 13:04:20,13:04:20,none,cabbi,1,,,1,,1707858261,0.000815361,0.81536054,6.637940111,394.13,134.1011963,13.67126203,40.18051036,0.042456568,2.964328986,0.042121621,0.026355886,266.6083999,29.05896034,28.0209,3.799465764,50.40122432,1.881020421,3.732092715,1.918445343,-35.95739982,-48.99863646,-3.598281861,178.0540818,6.623580643,0.79369108,6.637940111,407.2976245,401.5431576,-0.009677323,67.02513779,0.81536054,17.80432981,18.44885879,0.009010031,78.98149126,360,51,1,0,53802.04005,-,-,0,0,#DIV/0!,0,-,-,0,0,#DIV/0!,0.5,1176.3936,6.637940111,#DIV/0!,0.005642618,#DIV/0!,#DIV/0!,-,0,#DIV/0!,#DIV/0!,#DIV/0!,#DIV/0!,#DIV/0!,#DIV/0!,#DIV/0!,#DIV/0!,,,,,,,,,,,,,,,,,,,,,,,,,,,,,,,,,,,1400.12,1176.3936,0.840209125,0.19041825,6,0.5,0: Broadleaf,2,TRUE,1707858261,394.13,400.075,18.4509,17.7832,396.21,18.2913,700.057,101.879,0.0683533,27.7143,28.0209,999.9,0,0,10011.5,0,0.00191117,-5.94489,401.539,407.318,0.667707,400.075,17.7832,1.87976,1.81174,16.4663,15.8884,1400.12,0.993002,0.00699848,0,468.841,5.00018,8620.1,12010.8,38,39.812,38.875,39,39.125,1385.36,9.76,0,1685752671,0,474.88108,-55.21823084,-1019.288463,8727.5916,15,1707843540,08:59:00,1707843540,1707843540,1,-0.112,0.068,-2.09,0.03,400,11,0.28,0.05,6.667325558,-0.354538276,0.060400693,1,0.038648184,0.012070731,0.002290962,1,2,2,2/2,3.36783,2.76267,0.0959043,0.0963589,0.0961848,0.0931522,21259.2,21850.3,24974.8,25593.6,34327.5,34693,41768.7,41410.1,1.73766,2.30596,0.100511,0,26.3777,999.9,43.1,34.2,22.8552,61.1137,8.39744,2,-0.0763984,0,20.366,5.20339,11.9201,4.99056,3.28152,9999,9999,9999,154.4,4.97208,1.85899,1.8681,1.86341,1.8654,1.86172,1.86375,1.86159,0,0,0,0,11111111,oooooooo,on,on,on,on,0,100,100,-2.08,0.1596,-1.252214355,-0.002493248,1.1597E-06,-3.50138E-10,-0.018539783,-0.007593507,0.001367325,-2.29441E-05,2,2118,1,27,245.3,245.3,1.28662,2.57568,2.19604,2.69165,2.14966,2.44873,39.7422,14.0357,18,323.353,708.083,26.7549,26.4291,30.0006,26.3789,26.3499,25.8098,28.4429,56.8023,-999.9,400,17.5545,101.239,101.264
34,L,12,1707858462,3800.5,20240213 13:07:41,13:07:41,none,cabbi,1,,,1,,1707858462,0.001163591,1.163590703,4.9937961,401.914,250.0170576,25.4932918,40.98164733,0.057114777,2.968679038,0.056511274,0.035373237,266.6184999,29.38172293,28.2507,3.850655926,47.32460223,1.809400593,3.82338257,2.041255333,-51.31435001,-19.54179051,-1.437581464,194.3247779,-1.788802975,-1.084884721,4.9937961,407.6089593,409.8221576,-1.688247903,67.0256928,1.163590703,18.65522195,17.61607576,0.441725443,78.66003744,19,3,1,0,53855.10208,-,-,0,0,#DIV/0!,0,-,-,0,0,#DIV/0!,0.5,1176.4359,4.9937961,#DIV/0!,0.004244852,#DIV/0!,#DIV/0!,-,0,#DIV/0!,#DIV/0!,#DIV/0!,#DIV/0!,#DIV/0!,#DIV/0!,#DIV/0!,#DIV/0!,,,,,,,,,,,,,,,,,,,,,,,,,,,,,,,,,,,1400.17,1176.4359,0.840209332,0.190418663,6,0.5,0: Broadleaf,2,TRUE,1707858462,401.914,400.007,17.7451,18.6585,404.007,17.5989,700,101.881,0.08521,28.1286,28.2507,999.9,0,0,10036,0,0.00191117,1.9068,409.175,407.613,-0.91338,400.007,18.6585,1.80789,1.90095,15.8552,16.6426,1400.17,0.993,0.00699987,0,482.975,5.00018,8925.25,12011.3,36.875,39.062,37.812,38.312,38.187,1385.4,9.77,0,1685752872,0,448.5907577,1217.475061,-556408.7169,40903.97769,15,1707843540,08:59:00,1707843540,1707843540,1,-0.112,0.068,-2.09,0.03,400,11,0.28,0.05,-13.57033546,-3.805811391,19.32966633,0,-0.140869191,-0.198368191,0.210475111,0,0,2,0/2,3.36812,2.77974,0.0972797,0.0962949,0.0934664,0.0963697,21220.5,21843.8,24968.6,25585.4,34422.6,34560.3,41757.1,41398.7,2.3977,2.30234,0.0437915,0,27.5356,999.9,42.6,34.5,22.9715,60.7837,10.028,2,-0.0592398,0,20.3657,5.20219,11.9201,4.99024,3.28138,9999,9999,9999,154.5,4.97206,1.859,1.86813,1.86343,1.86539,1.86172,1.86372,1.8616,0,0,0,0,11111111,oooooooo,on,on,on,on,0,100,100,-2.093,0.1462,-1.252214355,-0.002493248,1.1597E-06,-3.50138E-10,-0.018539783,-0.007593507,0.001367325,-2.29441E-05,2,2118,1,27,248.7,248.7,1.28662,2.57324,2.19604,2.69165,2.14966,2.4646,40.146,14.0095,18,710.569,708.124,27.1492,26.699,30.0005,26.6286,26.5999,25.8149,24.8024,55.6811,-999.9,400,18.6949,101.212,101.234
35,L,13,1707858652,3991,20240213 13:10:52,13:10:52,none,cabbi,1,,,1,,1707858652,0.001091944,1.091944102,5.886588624,401.564,231.445488,23.59838809,40.94382307,0.059172622,2.957019582,0.05852259,0.036634426,266.5576999,29.53241447,27.6188,3.711321356,48.30912717,1.860867822,3.852000504,1.850453534,-48.15473491,101.6932779,7.491689165,327.587932,-1.453760082,-0.955391092,5.886588624,407.7670615,409.7358364,-1.827024971,67.02547955,1.091944102,19.04961619,18.13086485,0.402260619,78.65685308,73,10,1,0,53492.1077,-,-,0,0,#DIV/0!,0,-,-,0,0,#DIV/0!,0.5,1176.1671,5.886588624,#DIV/0!,0.005004891,#DIV/0!,#DIV/0!,-,0,#DIV/0!,#DIV/0!,#DIV/0!,#DIV/0!,#DIV/0!,#DIV/0!,#DIV/0!,#DIV/0!,,,,,,,,,,,,,,,,,,,,,,,,,,,,,,,,,,,1399.85,1176.1671,0.84020938,0.190418759,6,0.5,0: Broadleaf,2,TRUE,1707858652,401.564,399.989,18.2508,19.0548,403.657,18.095,699.966,101.88,0.0808906,28.2567,27.6188,999.9,0,0,9970,0,0.00191117,1.57513,409.029,407.759,-0.803978,399.989,19.0548,1.85938,1.94129,16.2952,16.9735,1399.85,0.992999,0.00700129,0,631.267,5.00018,10902,12008.5,36.25,38.5,37.125,37.812,37.625,1385.08,9.77,0,1685753062,0,658.49944,536.2215387,-697260.938,45399.84,15,1707843540,08:59:00,1707843540,1707843540,1,-0.112,0.068,-2.09,0.03,400,11,0.28,0.05,-16.00195644,0.984742919,18.98985484,0,-0.162817365,0.034766414,0.236127575,0,0,2,0/2,3.36823,2.77484,0.0971784,0.0962538,0.0953365,0.0977911,21221.8,21842.7,24968,25583.6,34350.2,34504.4,41755.7,41396.7,2.3078,2.29888,-0.0153124,0,27.8689,999.9,42.3,34.9,23.3248,61.3037,9.65945,2,-0.0516098,0,20.3655,5.20112,11.9201,4.99024,3.28134,9999,9999,9999,154.5,4.97213,1.85913,1.86813,1.86354,1.86541,1.86173,1.86383,1.8617,0,0,0,0,11111111,oooooooo,on,on,on,on,0,100,100,-2.093,0.1558,-1.252214355,-0.002493248,1.1597E-06,-3.50138E-10,-0.018539783,-0.007593507,0.001367325,-2.29441E-05,2,2118,1,27,251.9,251.9,1.28662,2.57324,2.19604,2.69409,2.14844,2.47681,40.7067,13.9657,18,644.963,707.234,27.4811,26.8551,30.0002,26.7923,26.7652,25.8139,24.522,55.3108,-999.9,400,19.0248,101.209,101.229
36,L,14,1707858815,4153.5,20240213 13:13:34,13:13:34,none,cabbi,1,,,1,,1707858815,0.00034561,0.345609756,3.499070402,397.202,51.63620776,5.264907794,40.4993317,0.016604242,2.963889766,0.016552737,0.010350075,266.6013999,30.02784321,29.0522,4.033936862,50.18106096,1.967704978,3.921210394,2.066231884,-15.24139025,-78.15290999,-5.794091248,167.4130084,3.207070384,0.193295225,3.499070402,407.8296517,405.0293939,-0.06627892,67.02369016,0.345609756,19.16547798,19.28796182,0.036822253,78.66292669,9,1,1,0,53637.69556,-,-,0,0,#DIV/0!,0,-,-,0,0,#DIV/0!,0.5,1176.3603,3.499070402,#DIV/0!,0.002974489,#DIV/0!,#DIV/0!,-,0,#DIV/0!,#DIV/0!,#DIV/0!,#DIV/0!,#DIV/0!,#DIV/0!,#DIV/0!,#DIV/0!,,,,,,,,,,,,,,,,,,,,,,,,,,,,,,,,,,,1400.08,1176.3603,0.840209345,0.19041869,6,0.5,0: Broadleaf,2,TRUE,1707858815,397.202,400.017,19.2985,19.136,399.287,19.1227,699.932,101.874,0.0875503,28.5631,29.0522,999.9,0,0,10009.5,0,0.00191117,-2.81485,405.018,407.821,0.162493,400.017,19.136,1.966,1.94945,17.1732,17.0396,1400.08,0.992994,0.00700582,0,482.985,5.00018,8512.85,12010.4,35.937,38.062,36.812,37.437,37.375,1385.31,9.77,0,1685753225,0,481.7508462,10.49914531,77.55760677,8503.25,15,1707843540,08:59:00,1707843540,1707843540,1,-0.112,0.068,-2.09,0.03,400,11,0.28,0.05,2.940530571,8.298357412,1.835410544,0,0.014710654,0.15314109,0.063169613,0,0,2,0/2,3.36822,2.78184,0.0963562,0.0962305,0.0992024,0.0980607,21241.4,21842.6,24968.7,25583.3,34203.3,34494.1,41756.6,41396.7,2.40988,2.2943,0.077638,0,27.7855,999.9,42.1,35.3,23.7344,61.0938,10.0361,2,-0.0476301,0,20.3661,5.20243,11.9201,4.99056,3.28152,9999,9999,9999,154.6,4.97212,1.85913,1.86813,1.86355,1.86544,1.86173,1.86379,1.8617,0,0,0,0,11111111,oooooooo,on,on,on,on,0,100,100,-2.085,0.1758,-1.252214355,-0.002493248,1.1597E-06,-3.50138E-10,-0.018539783,-0.007593507,0.001367325,-2.29441E-05,2,2118,1,27,254.6,254.6,1.2854,2.58057,2.19604,2.69409,2.14966,2.41699,41.1187,13.9219,18,723.071,704.497,27.6688,26.9377,30.0001,26.8714,26.8588,25.8132,25.9563,54.5691,-999.9,400,18.9255,101.212,101.228
37,L,1,1707861759,0,20240213 14:02:38,14:02:38,none,cabbi,1,,,1,,1707861759,0.000770695,0.770694888,4.789809743,395.636,193.6358954,19.73967055,40.33200705,0.03999274,2.962378147,0.039695199,0.024836047,304.5773999,29.32752759,27.9306,3.779513656,49.60230675,1.854970983,3.739686931,1.924542673,-33.98764456,-28.98695312,-2.12950866,239.4732936,4.793145817,0.764106864,4.789809743,407.1475971,402.9674182,0.000212044,67.0292383,0.770694888,17.5531706,18.19471636,0.001551872,78.64837608,98,14,1,0,53738.35866,-,-,0,0,#DIV/0!,0,-,-,0,0,#DIV/0!,0.5,1344.3036,4.789809743,#DIV/0!,0.003563042,#DIV/0!,#DIV/0!,-,0,#DIV/0!,#DIV/0!,#DIV/0!,#DIV/0!,#DIV/0!,#DIV/0!,#DIV/0!,#DIV/0!,,,,,,,,,,,,,,,,,,,,,,,,,,,,,,,,,,,1600.02,1344.3036,0.840179248,0.190358495,6,0.5,0: Broadleaf,2,TRUE,1707861759,395.636,400.004,18.1963,17.5532,397.718,18.0415,699.925,101.858,0.0842071,27.7491,27.9306,999.9,0,0,10002.5,0,0.00191117,-4.36819,402.968,407.151,0.643072,400.004,17.5532,1.85343,1.78793,16.2448,15.6816,1600.02,0.994008,0.00599152,0,344.928,5.00018,7403.39,13735.8,36.5,38.375,37.25,37.437,37.625,1585.46,9.56,0,1685756169,0,345.67616,-4.089769229,-73.97538478,7413.0256,15,1707843540,08:59:00,1707843540,1707843540,1,-0.112,0.068,-2.09,0.03,400,11,0.28,0.05,4.777881668,0.052681317,0.02067259,1,0.039925412,0.002323606,0.000487467,1,2,2,2/2,3.3675,2.77844,0.0957297,0.0958716,0.0948053,0.0918538,21201.3,21783.3,24909.5,25509.1,34284.8,34630.4,41648.4,41275.6,2.2465,2.29304,0.104955,0,26.2144,999.9,44.2,32.9,21.8005,61.05,6.67067,2,0.0470467,0,20.3658,5.20136,11.9235,4.9902,3.28146,9999,9999,9999,155.4,4.97198,1.85854,1.86769,1.86295,1.86508,1.8613,1.86351,1.86126,0,0,0,0,11111111,oooooooo,on,on,on,on,0,100,100,-2.082,0.1548,-1.252214355,-0.002493248,1.1597E-06,-3.50138E-10,-0.018539783,-0.007593507,0.001367325,-2.29441E-05,2,2118,1,27,303.7,303.6,1.27563,2.52441,2.19604,2.68066,2.14966,2.44507,34.8296,13.738,18,615.379,719.907,27.1282,27.9965,30.0001,28.144,28.1968,25.6064,26.9276,51.2044,-999.9,400,17.663,100.958,100.933
38,L,2,1707861892,133.5,20240213 14:04:52,14:04:52,none,cabbi,1,,,1,,1707861892,0.000578253,0.578253211,4.394932182,396.438,131.661109,13.42212305,40.41466505,0.027602358,2.959095487,0.027460112,0.017175289,304.5779999,30.1412675,29.0342,4.029738729,49.77141241,1.9459162,3.909706608,2.08382253,-25.50096662,-83.22719536,-6.17817868,189.6716593,4.018744445,0.258775344,4.394932182,407.6564357,404.1885091,-0.095665419,67.02932219,0.578253211,18.85833196,19.06689273,0.060851708,78.64636376,39,6,1,0,53506.66603,-,-,0,0,#DIV/0!,0,-,-,0,0,#DIV/0!,0.5,1344.3039,4.394932182,#DIV/0!,0.0032693,#DIV/0!,#DIV/0!,-,0,#DIV/0!,#DIV/0!,#DIV/0!,#DIV/0!,#DIV/0!,#DIV/0!,#DIV/0!,#DIV/0!,,,,,,,,,,,,,,,,,,,,,,,,,,,,,,,,,,,1600.02,1344.3039,0.840179435,0.19035887,6,0.5,0: Broadleaf,2,TRUE,1707861892,396.438,399.971,19.088,18.8704,398.522,18.9162,699.915,101.857,0.0874782,28.5125,29.0342,999.9,0,0,9984,0,0.00191117,-3.53323,404.152,407.664,0.21763,399.971,18.8704,1.94425,1.92208,16.9974,16.8166,1600.02,0.994002,0.0059975,0,560.768,5.00018,11442.3,13735.7,36.875,38.812,37.5,38.375,38.125,1585.45,9.57,0,1685756303,0,565.0456538,-45.10629064,-637.7333318,11523.56538,15,1707843540,08:59:00,1707843540,1707843540,1,-0.112,0.068,-2.09,0.03,400,11,0.28,0.05,2.383562272,33.54358047,6.150522767,0,-0.013322663,0.810616442,0.145261279,0,0,2,0/2,3.36803,2.78156,0.0958818,0.0958785,0.0981087,0.0967621,21196.9,21782.5,24908.8,25508.7,34158.3,34443.7,41647.4,41276.2,2.3432,2.2946,0.110322,0,27.2333,999.9,44.6,32.8,21.8729,61.09,6.94711,2,0.0504817,0,20.3655,5.20148,11.9235,4.99032,3.2814,9999,9999,9999,155.4,4.97201,1.85862,1.8678,1.86297,1.86508,1.86137,1.86353,1.86127,0,0,0,0,11111111,oooooooo,on,on,on,on,0,100,100,-2.084,0.1718,-1.252214355,-0.002493248,1.1597E-06,-3.50138E-10,-0.018539783,-0.007593507,0.001367325,-2.29441E-05,2,2118,1,27,305.9,305.9,1.27808,2.53662,2.19604,2.68311,2.14966,2.4646,35.3133,13.703,18,686.279,721.194,27.5162,28.0864,30.0004,28.1596,28.1912,25.6417,21.5779,52.7337,-999.9,400,18.7613,100.955,100.933
39,L,3,1707862018,259,20240213 14:06:57,14:06:57,none,cabbi,1,,,1,,1707862018,0.000682078,0.682077592,3.728150721,396.735,196.2129634,20.00043345,40.44010053,0.031519802,2.961604821,0.031334618,0.019600684,304.5766999,30.56447763,29.5586,4.153617799,49.877226,2.001796953,4.01344885,2.151820846,-30.07962181,-94.90549364,-7.073330331,172.5182542,3.537760157,0.736728883,3.728150721,407.7819416,404.6686182,-0.037160878,67.02967722,0.682077592,19.02354915,19.64070667,-0.009656507,78.62961199,126,18,1,0,53499.42629,-,-,0,0,#DIV/0!,0,-,-,0,0,#DIV/0!,0.5,1344.2958,3.728150721,#DIV/0!,0.002773311,#DIV/0!,#DIV/0!,-,0,#DIV/0!,#DIV/0!,#DIV/0!,#DIV/0!,#DIV/0!,#DIV/0!,#DIV/0!,#DIV/0!,,,,,,,,,,,,,,,,,,,,,,,,,,,,,,,,,,,1600.01,1344.2958,0.840179624,0.190359248,6,0.5,0: Broadleaf,2,TRUE,1707862018,396.735,400.018,19.6385,19.0194,398.82,19.4562,699.978,101.849,0.0832735,28.9642,29.5586,999.9,0,0,9999,0,0.00191117,-3.28259,404.683,407.773,0.619164,400.018,19.0194,2.00016,1.9371,17.4456,16.9394,1600.01,0.993993,0.00600705,0,231.484,5.00018,5972.92,13735.6,37.375,39.25,37.937,38.812,38.562,1585.43,9.58,0,1685756428,0,233.10492,-13.11561536,-170.010769,5990.9088,15,1707843540,08:59:00,1707843540,1707843540,1,-0.112,0.068,-2.09,0.03,400,11,0.28,0.05,3.571615145,0.28700366,0.051213007,1,0.031079474,-0.000646226,0.001084198,1,2,2,2/2,3.36815,2.77748,0.0959149,0.0958654,0.100094,0.097286,21192.4,21779.2,24905.1,25505.2,34077.3,34420.3,41640.4,41272.1,2.19766,2.29408,0.0954658,0,28.0019,999.9,45.7,32.8,22.4158,60.83,6.52644,2,0.0588232,0,20.3649,5.201,11.925,4.99024,3.2814,9999,9999,9999,155.5,4.97201,1.85867,1.86783,1.8631,1.86515,1.86142,1.86356,1.86133,0,0,0,0,11111111,oooooooo,on,on,on,on,0,100,100,-2.085,0.1823,-1.252214355,-0.002493248,1.1597E-06,-3.50138E-10,-0.018539783,-0.007593507,0.001367325,-2.29441E-05,2,2118,1,27,308,308,1.27808,2.54272,2.19604,2.68921,2.14966,2.42188,35.9412,13.668,18,582.829,721.529,27.964,28.2307,30.0006,28.2389,28.2552,25.6602,23.2998,56.0143,-999.9,400,19.0504,100.939,100.922
40,L,4,1707862165,406.5,20240213 14:09:25,14:09:25,none,cabbi,1,,,1,,1707862165,0.000311819,0.311818833,2.506963613,397.781,100.5746239,10.25174302,40.54649606,0.013945578,2.963510141,0.013909223,0.008696523,304.5830999,31.14182882,30.094,4.283507339,50.14547055,2.069600978,4.127194252,2.21390636,-13.75121053,-103.226595,-7.727508602,179.8777858,2.529819881,0.166616163,2.506963613,408.2182481,406.0313636,-0.001532313,67.0295695,0.311818833,20.19540771,20.29365515,0.035975219,78.62925533,84,12,1,0,53469.1673,-,-,0,0,#DIV/0!,0,-,-,0,0,#DIV/0!,0.5,1344.3288,2.506963613,#DIV/0!,0.001864844,#DIV/0!,#DIV/0!,-,0,#DIV/0!,#DIV/0!,#DIV/0!,#DIV/0!,#DIV/0!,#DIV/0!,#DIV/0!,#DIV/0!,,,,,,,,,,,,,,,,,,,,,,,,,,,,,,,,,,,1600.05,1344.3288,0.840179244,0.190358489,6,0.5,0: Broadleaf,2,TRUE,1707862165,397.781,400.006,20.3038,20.1639,399.867,20.1087,700.071,101.847,0.0847063,29.4479,30.094,999.9,0,0,10010,0,0.00191117,-2.22595,406.024,408.238,0.139956,400.006,20.1639,2.06788,2.05362,17.9739,17.864,1600.05,0.994006,0.00599439,0,207.647,5.00018,4948.01,13736,38,39.937,38.562,39.562,39.25,1585.49,9.56,0,1685756576,0,208.4546,-6.506923082,-164.5500004,4959.4912,15,1707843540,08:59:00,1707843540,1707843540,1,-0.112,0.068,-2.09,0.03,400,11,0.28,0.05,2.502269765,0.259871789,0.064738806,1,0.017138506,-0.047373987,0.006220306,1,2,2,2/2,3.36872,2.77901,0.0960569,0.0958222,0.102438,0.101375,21177.1,21766.6,24892.3,25490.3,33970.2,34246.4,41617.6,41250.4,2.26594,2.29004,0.103086,0,28.4144,999.9,47,32.8,23.0533,60.94,6.78285,2,0.0805,0,20.3658,5.20423,11.9261,4.99076,3.282,9999,9999,9999,155.5,4.97204,1.85873,1.86784,1.86312,1.86522,1.86146,1.86361,1.86138,0,0,0,0,11111111,oooooooo,on,on,on,on,0,100,100,-2.086,0.1951,-1.252214355,-0.002493248,1.1597E-06,-3.50138E-10,-0.018539783,-0.007593507,0.001367325,-2.29441E-05,2,2118,1,27,310.4,310.4,1.2793,2.55127,2.19604,2.69897,2.14966,2.43408,36.6943,13.6329,18,632.373,720.518,28.4652,28.512,30.0008,28.4642,28.4589,25.6838,22.1638,60.6627,-999.9,400,19.9944,100.885,100.867
41,L,5,1707862352,593,20240213 14:12:31,14:12:31,none,cabbi,1,,,1,,1707862352,0.000584989,0.584989219,2.653156838,397.57,185.159128,18.87293718,40.52359567,0.021341772,2.965660823,0.021256815,0.013293114,304.5804999,31.16994092,29.7263,4.193927878,35.33531308,1.466746841,4.150937726,2.727181037,-25.79802458,-28.60337396,-2.136842208,248.0422592,2.541739512,0.68851473,2.653156838,405.6027473,403.3760364,-0.020393775,67.02554769,0.584989219,13.87020278,14.39494303,-0.006727935,78.66131419,96,14,1,0,53513.99816,-,-,0,0,#DIV/0!,0,-,-,0,0,#DIV/0!,0.5,1344.3126,2.653156838,#DIV/0!,0.001973616,#DIV/0!,#DIV/0!,-,0,#DIV/0!,#DIV/0!,#DIV/0!,#DIV/0!,#DIV/0!,#DIV/0!,#DIV/0!,#DIV/0!,,,,,,,,,,,,,,,,,,,,,,,,,,,,,,,,,,,1600.03,1344.3126,0.840179622,0.190359243,6,0.5,0: Broadleaf,2,TRUE,1707862352,397.57,399.983,14.39,13.8084,399.656,14.3045,700.076,101.844,0.084203,29.5474,29.7263,999.9,0,0,10022.5,0,0.00191117,-2.41345,403.374,405.584,0.581661,399.983,13.8084,1.46553,1.40629,12.6132,11.9857,1600.03,0.993996,0.00600414,0,342.563,5.00018,8141.23,13735.8,37.875,39.687,38.5,39.25,39.187,1585.45,9.58,0,1685756762,0,344.19756,-17.52907695,-512.6307708,8179.4484,15,1707843540,08:59:00,1707843540,1707843540,1,-0.112,0.068,-2.09,0.03,400,11,0.28,0.05,2.665242987,0.093911368,0.038137933,1,0.023096404,-0.018564903,0.002337429,1,2,2,2/2,3.3661,2.77862,0.0959286,0.0957279,0.0798053,0.0769576,21177.7,21766.8,24891,25489.7,34829.1,35177.5,41614.7,41250.3,2.24374,2.2746,0.0785798,0,28.4456,999.9,44.4,33,22.0265,60.58,7.10336,2,0.0883069,0,20.3652,5.20136,11.9248,4.99024,3.28138,9999,9999,9999,155.6,4.97206,1.85883,1.86789,1.86323,1.86523,1.86153,1.86369,1.86142,0,0,0,0,11111111,oooooooo,on,on,on,on,0,100,100,-2.086,0.0855,-1.252214355,-0.002493248,1.1597E-06,-3.50138E-10,-0.018539783,-0.007593507,0.001367325,-2.29441E-05,2,2118,1,27,313.5,313.5,1.27441,2.56226,2.19604,2.69653,2.14966,2.4585,37.3138,13.5804,18,617.981,708.607,28.8265,28.6745,29.9998,28.6008,28.5773,25.5808,40.6951,52.945,-999.9,400,13.7395,100.879,100.865
42,L,6,1707862436,677.5,20240213 14:13:56,14:13:56,none,cabbi,1,,,1,,1707862436,0.000676459,0.676459204,3.110588001,397.37,174.7358654,17.81091757,40.50413061,0.023836178,2.9664013,0.023730281,0.014840901,304.5735999,31.33853985,30.2113,4.312432703,35.48696204,1.489480105,4.197260119,2.822952597,-29.83185091,-75.35648418,-5.647101428,193.7381634,2.872205892,0.605253764,3.110588001,405.7539113,403.2938364,-0.063072898,67.02621915,0.676459204,14.11491012,14.60753636,0.017322202,78.65815183,14,2,1,0,53501.37544,-,-,0,0,#DIV/0!,0,-,-,0,0,#DIV/0!,0.5,1344.2868,3.110588001,#DIV/0!,0.002313932,#DIV/0!,#DIV/0!,-,0,#DIV/0!,#DIV/0!,#DIV/0!,#DIV/0!,#DIV/0!,#DIV/0!,#DIV/0!,#DIV/0!,,,,,,,,,,,,,,,,,,,,,,,,,,,,,,,,,,,1600,1344.2868,0.84017925,0.1903585,6,0.5,0: Broadleaf,2,TRUE,1707862436,397.37,400.038,14.6127,14.1015,399.455,14.5234,700.011,101.841,0.0895197,29.7401,30.2113,999.9,0,0,10027,0,0.00191117,-2.6683,403.263,405.76,0.511225,400.038,14.1015,1.48817,1.43611,12.8472,12.3044,1600,0.994007,0.00599263,0,310.514,5.00018,6944.98,13735.6,37.875,39.562,38.5,39.062,39.125,1585.44,9.56,0,1685756846,0,314.5928077,-38.80126498,-832.480684,7019.352308,15,1707843540,08:59:00,1707843540,1707843540,1,-0.112,0.068,-2.09,0.03,400,11,0.28,0.05,2.64327351,7.711906593,1.94309791,0,0.025173159,0.024418281,0.015759399,1,1,2,1/2,3.36614,2.78398,0.0958901,0.0957352,0.0807119,0.0781635,21180.5,21768.7,24893.2,25492,34797.9,35135.1,41618.6,41254.5,2.37528,2.27462,0.101036,0,28.5654,999.9,43.2,33.1,21.5514,61.35,7.72436,2,0.0858028,0,20.3649,5.20219,11.9254,4.99024,3.2814,9999,9999,9999,155.6,4.97201,1.85883,1.86795,1.86325,1.86524,1.86155,1.86368,1.86142,0,0,0,0,11111111,oooooooo,on,on,on,on,0,100,100,-2.085,0.0893,-1.252214355,-0.002493248,1.1597E-06,-3.50138E-10,-0.018539783,-0.007593507,0.001367325,-2.29441E-05,2,2118,1,27,314.9,314.9,1.27563,2.56592,2.19604,2.69897,2.14844,2.43652,37.6022,13.5541,18,716.348,708.769,28.9236,28.6633,30.0001,28.6057,28.5894,25.5913,38.5335,49.8831,-999.9,400,13.8994,100.888,100.875
43,L,7,1707862533,774,20240213 14:15:32,14:15:32,none,cabbi,1,,,1,,1707862533,0.000713895,0.713894563,3.246779875,397.35,170.2109892,17.34953214,40.50171277,0.024393129,2.95837691,0.024281939,0.015186159,304.5557999,31.63790377,30.6469,4.421343656,35.39212837,1.51180912,4.271597073,2.909534536,-31.48275025,-95.91849842,-7.233961257,169.92059,2.88733525,0.637078085,3.246779875,405.8190504,403.3821455,-0.099924251,67.02621439,0.713894563,14.34283121,14.82629273,0.026302747,78.6554285,41,6,1,0,53214.84318,-,-,0,0,#DIV/0!,0,-,-,0,0,#DIV/0!,0.5,1344.2034,3.246779875,#DIV/0!,0.002415393,#DIV/0!,#DIV/0!,-,0,#DIV/0!,#DIV/0!,#DIV/0!,#DIV/0!,#DIV/0!,#DIV/0!,#DIV/0!,#DIV/0!,,,,,,,,,,,,,,,,,,,,,,,,,,,,,,,,,,,1599.9,1344.2034,0.840179636,0.190359272,6,0.5,0: Broadleaf,2,TRUE,1707862533,397.35,400.042,14.8319,14.2939,399.435,14.7387,699.958,101.841,0.0885653,30.0455,30.6469,999.9,0,0,9981.5,0,0.00191117,-2.69171,403.332,405.843,0.537974,400.042,14.2939,1.51049,1.4557,13.0748,12.5107,1599.9,0.993991,0.00600854,0,320.84,5.00018,6987.8,13734.6,38.125,39.937,38.687,39.375,39.375,1585.32,9.58,0,1685756943,0,328.9456,-76.80307704,-1298.349233,7115.9612,15,1707843540,08:59:00,1707843540,1707843540,1,-0.112,0.068,-2.09,0.03,400,11,0.28,0.05,1.792542503,20.89348147,3.592304582,0,0.021172069,0.082081673,0.020117051,0,0,2,0/2,3.36616,2.78262,0.095878,0.0957256,0.0815932,0.0789427,21180.8,21769,24893.4,25492.3,34764.8,35106.3,41619.1,41255.6,2.3326,2.2733,0.112718,0,28.8118,999.9,41.8,33.3,21.0879,61.11,7.66026,2,0.0874024,0,20.3649,5.20136,11.926,4.98968,3.28138,9999,9999,9999,155.6,4.97204,1.85883,1.86798,1.86325,1.86526,1.86157,1.86371,1.86144,0,0,0,0,11111111,oooooooo,on,on,on,on,0,100,100,-2.085,0.0932,-1.252214355,-0.002493248,1.1597E-06,-3.50138E-10,-0.018539783,-0.007593507,0.001367325,-2.29441E-05,2,2118,1,27,316.6,316.5,1.27563,2.56226,2.19604,2.69775,2.14844,2.47192,37.9891,13.5279,18,683.644,708.233,29.123,28.7152,30.0002,28.6486,28.6392,25.6034,35.8283,47.2102,-999.9,400,14.1591,100.889,100.877
44,L,8,1707862604,845,20240213 14:16:43,14:16:43,none,cabbi,1,,,1,,1707862604,0.001533178,1.533178076,3.790537306,409.823,275.864829,28.11681378,41.77015611,0.051982479,2.963107077,0.05148112,0.032220342,304.6070999,31.57122,30.4997,4.384274933,33.32657779,1.435546853,4.307513546,2.94872808,-67.61315316,-49.25000895,-3.708370974,184.0355668,-11.18679297,-0.75269802,3.790537306,405.9380394,416.9273394,-3.693635566,67.02584043,1.533178076,14.6735265,13.96575455,0.441491113,78.65602522,110,16,1,0,53326.1944,-,-,0,0,#DIV/0!,0,-,-,0,0,#DIV/0!,0.5,1344.4302,3.790537306,#DIV/0!,0.002819438,#DIV/0!,#DIV/0!,-,0,#DIV/0!,#DIV/0!,#DIV/0!,#DIV/0!,#DIV/0!,#DIV/0!,#DIV/0!,#DIV/0!,,,,,,,,,,,,,,,,,,,,,,,,,,,,,,,,,,,1600.17,1344.4302,0.840179606,0.190359212,6,0.5,0: Broadleaf,2,TRUE,1707862604,409.823,399.965,14.0847,14.7211,411.93,14.0045,699.651,101.839,0.0834302,30.1914,30.4997,999.9,0,0,10008.5,0,0.00191117,9.85727,415.677,405.941,-0.636387,399.965,14.7211,1.43437,1.49918,12.2859,12.9598,1600.17,0.993992,0.00600787,0,571.603,5.00018,11702.5,13737,38.25,40.125,38.875,39.687,39.562,1585.59,9.58,0,1685757014,0,354.2062154,3293.459375,-123837.3569,42722.82385,15,1707843540,08:59:00,1707843540,1707843540,1,-0.112,0.068,-2.09,0.03,400,11,0.28,0.05,-12.02916964,-127.4744231,17.99971841,0,-0.041099949,-0.499539356,0.064485718,0,0,2,0/2,3.36598,2.77771,0.0981287,0.0956958,0.0785101,0.0806642,21124.7,21765.1,24890,25487.3,34876.7,35034.6,41612.5,41248.5,2.21614,2.27264,0.0725925,0,29.3182,999.9,41,33.4,20.801,60.97,7.14744,2,0.0940325,0,20.3645,5.20112,11.9261,4.99012,3.2812,9999,9999,9999,155.6,4.97202,1.85883,1.86798,1.86325,1.86524,1.86157,1.86371,1.86147,0,0,0,0,11111111,oooooooo,on,on,on,on,0,100,100,-2.107,0.0802,-1.252214355,-0.002493248,1.1597E-06,-3.50138E-10,-0.018539783,-0.007593507,0.001367325,-2.29441E-05,2,2118,1,27,317.7,317.7,1.27686,2.56714,2.19604,2.69775,2.14966,2.49268,38.2812,13.5104,18,600.176,708.544,29.3047,28.7958,30.0005,28.7435,28.7124,25.6162,32.7506,45.6978,-999.9,400,14.7327,100.874,100.859