Date,Site,TreeID,BranchID,Li600_1,Li600_2,Li600_3,Dark_Li600,jPAM_start,jPAM_end,Hour,jpam_directory
7/11/22,Garcia,E,1,1,2,3,10,15:47:43,15:50:37,,
7/11/22,Garcia,E,2,4,5,6,11,15:51:48,15:54:31,,
7/11/22,Garcia,E,3,7,8,9,12,15:56:57,15:59:42,,
7/11/22,Garcia,H,1,1,2,3,1,17:01:45,17:04:30,,
7/11/22,Garcia,H,2,4,5,6,2,17:06:14,17:08:56,,
7/11/22,Garcia,H,3,7,8,9,3,17:10:48,17:13:32,,
7/11/22,Garcia,G,1,1,2,3,1,13:45:44,13:52:29,,
7/11/22,Garcia,G,2,4,5,6,2,13:55:42,13:58:25,,
7/11/22,Garcia,G,3,7,8,9,3,14:01:19,14:04:04,,
7/27/22,Garcia,E,1,1,2,3,12,11:09:57,11:12:42,,07_27_GarciaE
7/27/22,Garcia,E,2,4,5,6,13,11:13:57,11:16:42,,07_27_GarciaE
7/27/22,Garcia,E,3,7,8,9,14,11:19:05,11:21:49,,07_27_GarciaE
7/27/22,Garcia,G,1,1,2,4,12,10:17:23,10:20:08,,07_27_GarciaG
7/27/22,Garcia,G,2,6,7,8,13,10:25:06,10:27:51,,07_27_GarciaG
7/27/22,Garcia,G,3,9,10,11,14,10:30:05,10:32:50,,07_27_GarciaG
7/27/22,Garcia,H,1,1,2,3,10,12:04:43,12:07:28,,07_27_GarciaH
7/27/22,Garcia,H,2,4,5,6,11,12:09:39,12:12:24,,07_27_GarciaH
7/27/22,Garcia,H,3,7,8,9,12,12:14:35,12:17:20,,07_27_GarciaH
8/10/22,Garcia,E,1,1,2,3,11,11:38:33,11:41:17,,08_10_GarciaE
8/10/22,Garcia,E,2,4,5,7,12,11:45:38,11:48:21,,08_10_GarciaE
8/10/22,Garcia,E,3,8,9,10,13,11:49:32,11:52:16,,08_10_GarciaE
8/10/22,Garcia,G,1,1,2,3,11,10:52:44,10:55:27,,08_10_GarciaG
8/10/22,Garcia,G,2,4,5,6,12,10:57:43,11:00:26,,08_10_GarciaG
8/10/22,Garcia,G,3,8,9,10,13,11:02:45,11:05:29,,08_10_GarciaG
8/10/22,Garcia,H,1,1,3,4,17,12:27:46,12:30:30,,08_10_GarciaH
8/10/22,Garcia,H,2,8,9,10,18,12:31:50,12:34:33,,08_10_GarciaH
8/10/22,Garcia,H,3,13,14,16,19,12:35:45,12:38:30,,08_10_GarciaH
9/8/22,Garcia,E,1,1,2,3,13,12:10:26,12:13:11,,0908_GarciaE
9/8/22,Garcia,E,2,6,8,9,14,12:16:02,12:18:46,,0908_GarciaE
9/8/22,Garcia,E,3,10,11,12,15,12:20:52,12:23:36,,0908_GarciaE
9/8/22,Garcia,G,1,1,2,3,11,11:02:47,11:05:32,,0908_GarciaG
9/8/22,Garcia,G,2,5,6,7,12,11:10:17,11:12:57,,0908_GarciaG
9/8/22,Garcia,G,3,8,9,10,13,11:21:20,11:24:04,,0908_GarciaG
9/8/22,Garcia,H,1,1,2,3,14,12:59:21,13:02:05,,0908_GarciaH
9/8/22,Garcia,H,2,7,8,9,15,13:03:22,13:06:07,,0908_GarciaH
9/8/22,Garcia,H,3,10,11,12,17,13:07:04,13:09:48,,0908_GarciaH
9/23/22,Garcia,G,1,6,7,8,17,10:42:53,10:45:38,,09_23_GarciaG
9/23/22,Garcia,G,2,9,10,11,16,10:47:54,10:50:39,,09_23_GarciaG
9/23/22,Garcia,G,3,12,13,14,15,10:54:08,10:56:53,,09_23_GarciaG
9/23/22,Garcia,E,1,1,2,3,11,11:35:35,11:38:20,,09_23_GarciaE
9/23/22,Garcia,E,2,4,5,6,12,11:39:44,11:42:29,,09_23_GarciaE
9/23/22,Garcia,E,3,7,8,9,13,11:52:21,11:55:06,,09_23_GarciaE
9/23/22,Garcia,H,1,7,8,9,10,12:42:35,12:45:19,,09_23_GarciaH
9/23/22,Garcia,H,2,4,5,6,11,12:46:39,12:49:24,,09_23_GarciaH
9/23/22,Garcia,H,3,1,2,3,12,12:55:46,12:58:30,,09_23_GarciaH
10/6/22,Garcia,G,1,1,2,3,10,10:38:13,10:40:58,,1006_GarciaG
10/6/22,Garcia,G,2,4,5,6,11,10:44:40,10:47:25,,1006_GarciaG
10/6/22,Garcia,G,3,7,8,9,12,10:50:18,10:53:03,,1006_GarciaG
10/6/22,Garcia,E,1,1,2,3,10,11:27:48,11:30:33,,1006_GarciaE
10/6/22,Garcia,E,2,4,5,6,11,11:31:44,11:34:27,,1006_GarciaE
10/6/22,Garcia,E,3,7,8,9,12,11:37:13,11:39:58,,1006_GarciaE
10/6/22,Garcia,H,1,1,2,3,10,12:20:30,12:23:15,,1006_GarciaH
10/6/22,Garcia,H,2,4,5,6,11,12:25:06,12:27:50,,1006_GarciaH
10/6/22,Garcia,H,3,7,8,9,12,12:32:25,12:35:10,,1006_GarciaH
10/23/22,Garcia,G,1,1,2,3,10,10:00:45,10:03:30,,1023_GarciaG
10/23/22,Garcia,G,2,4,5,6,11,10:04:45,10:07:30,,1023_GarciaG
10/23/22,Garcia,G,3,7,8,9,12,10:10:02,10:12:47,,1023_GarciaG
10/23/22,Garcia,E,1,1,2,3,10,10:55:52,10:58:37,,1023_GarciaE
10/23/22,Garcia,E,2,4,5,6,11,10:59:40,11:02:25,,1023_GarciaE
10/23/22,Garcia,E,3,7,8,9,12,11:06:56,11:09:40,,1023_GarciaE
10/23/22,Garcia,H,1,1,2,3,10,11:52:27,11:55:08,,1023_GarciaH
10/23/22,Garcia,H,2,4,5,6,11,11:56:57,11:59:42,,1023_GarciaH
10/23/22,Garcia,H,3,7,8,9,12,12:01:33,12:04:18,,1023_GarciaH
11/4/22,Garcia,G,1,1,2,3,10,9:33:58,9:36:42,,1104_GarciaG
11/4/22,Garcia,G,2,4,5,6,11,9:38:37,9:41:22,,1104_GarciaG
11/4/22,Garcia,G,3,7,8,9,12,9:42:32,9:45:16,,1104_GarciaG
11/4/22,Garcia,E,1,1,2,3,10,10:19:10,10:21:55,,1104_GarciaE
11/4/22,Garcia,E,2,4,5,6,11,10:24:19,10:27:04,,1104_GarciaE
11/4/22,Garcia,E,3,7,8,9,12,10:28:33,10:31:18,,1104_GarciaE
11/4/22,Garcia,H,1,1,2,3,10,11:08:02,11:10:46,,1104_GarciaH
11/4/22,Garcia,H,2,4,5,6,11,11:13:46,11:16:31,,1104_GarciaH
11/4/22,Garcia,H,3,7,8,9,12,11:18:10,11:20:55,,1104_GarciaH
1/21/23,Garcia,G,1,1,2,3,10,10:08:33,10:11:17,,012123_GarciaG
1/21/23,Garcia,G,2,4,5,6,11,10:14:12,10:16:57,,012123_GarciaG
1/21/23,Garcia,G,3,7,8,9,12,10:35:36,10:38:20,,012123_GarciaG
1/21/23,Garcia,E,1,1,2,3,10,11:17:53,11:20:37,,012123_GarciaE
1/21/23,Garcia,E,2,4,5,6,11,11:23:22,11:26:07,,012123_GarciaE
1/21/23,Garcia,E,3,7,8,9,12,11:27:23,11:30:08,,012123_GarciaE
1/21/23,Garcia,H,1,1,2,3,10,12:41:11,12:43:56,,012123_GarciaH
1/21/23,Garcia,H,2,4,5,6,11,12:44:48,12:47:33,,012123_GarciaH
1/21/23,Garcia,H,3,7,8,9,12,12:49:00,12:51:45,,012123_GarciaH
2/20/23,Garcia,G,1,1,2,3,10,10:06:50,10:10:52,,022023_GarciaG
2/20/23,Garcia,G,2,4,5,6,11,10:12:41,10:15:25,,022023_GarciaG
2/20/23,Garcia,G,3,7,8,9,12,10:24:50,10:27:35,,022023_GarciaG
2/20/23,Garcia,E,1,1,2,3,10,11:07:13,11:09:58,,022023_GarciaE
2/20/23,Garcia,E,2,4,5,6,11,11:12:07,11:14:52,,022023_GarciaE
2/20/23,Garcia,E,3,7,8,9,12,11:17:39,11:20:24,,022023_GarciaE
2/20/23,Garcia,H,1,1,2,3,10,11:57:17,12:00:02,,022023_GarciaH
2/20/23,Garcia,H,2,4,5,6,11,12:01:01,12:03:45,,022023_GarciaH
2/20/23,Garcia,H,3,7,8,9,12,12:07:13,12:09:58,,022023_GarciaH
4/17/23,Garcia,G,1,1,2,3,10,12:10:05,12:12:49,,041723_GarciaG
4/17/23,Garcia,G,2,4,5,6,11,12:14:33,12:17:18,,041723_GarciaG
4/17/23,Garcia,G,3,7,8,9,12,12:23:08,12:25:53,,041723_GarciaG
4/17/23,Garcia,E,1,1,2,3,10,13:04:51,13:07:36,,041723_GarciaE
4/17/23,Garcia,E,2,4,5,6,11,13:09:52,13:12:36,,041723_GarciaE
4/17/23,Garcia,E,3,7,8,9,12,13:16:01,13:18:46,,041723_GarciaE
4/17/23,Garcia,H,1,1,2,3,10,14:06:50,14:09:35,,041723_GarciaH
4/17/23,Garcia,H,2,4,5,6,11,14:10:10,14:12:55,,041723_GarciaH
4/17/23,Garcia,H,3,7,8,9,12,14:14:05,14:16:50,,041723_GarciaH
5/1/23,Garcia,G,1,1,2,3,10,9:55:17,9:58:02,,050123_GarciaG
5/1/23,Garcia,G,2,4,5,6,11,10:07:22,10:10:07,,050123_GarciaG
5/1/23,Garcia,G,3,7,8,9,12,10:11:24,10:14:09,,050123_GarciaG
5/1/23,Garcia,E,1,1,2,3,10,10:51:47,10:54:31,,050123_GarciaE
5/1/23,Garcia,E,2,4,5,6,11,10:55:27,10:58:12,,050123_GarciaE
5/1/23,Garcia,E,3,7,8,9,12,11:04:33,11:07:17,,050123_GarciaE
5/1/23,Garcia,H,1,1,2,3,10,11:43:57,11:46:41,,050123_GarciaH
5/1/23,Garcia,H,2,4,5,6,11,11:48:09,11:50:54,,050123_GarciaH
5/1/23,Garcia,H,3,7,8,9,12,11:56:44,11:59:29,,050123_GarciaH
5/29/23,Garcia,G,1,1,2,3,10,10:46:45,10:49:30,,052923_GarciaG
5/29/23,Garcia,G,2,4,5,6,11,10:51:02,10:53:46,,052923_GarciaG
5/29/23,Garcia,G,3,7,8,9,12,10:56:56,10:59,,052923_GarciaG
5/29/23,Garcia,E,1,1,2,3,10,11:32:44,11:35:29,,052923_GarciaE
5/29/23,Garcia,E,2,4,5,6,11,11:37:22,11:40:07,,052923_GarciaE
5/29/23,Garcia,E,3,7,8,9,12,11:41:19,11:44,,052923_GarciaE
5/29/23,Garcia,H,1,1,2,3,10,12:20:22,12:23:07,,052923_GarciaH
5/29/23,Garcia,H,2,4,5,6,11,12:23:43,12:26:27,,052923_GarciaH
5/29/23,Garcia,H,3,7,8,9,12,12:28:11,12:30:56,,052923_GarciaH
6/11/23,Garcia,G,1,1,2,3,10,11:27:32,11:30:17,,061123_GarciaG
6/11/23,Garcia,G,2,4,5,6,11,11:32:30,11:35:16,,061123_GarciaG
6/11/23,Garcia,G,3,7,8,9,12,11:37:12,11:39:57,,061123_GarciaG
6/11/23,Garcia,E,1,1,2,3,10,12:10:49,12:13:34,,061123_GarciaE
6/11/23,Garcia,E,2,4,5,6,11,12:14:44,12:17:29,,061123_GarciaE
6/11/23,Garcia,E,3,7,8,9,12,12:19:40,12:22:25,,061123_GarciaE
6/11/23,Garcia,H,1,1,2,3,10,12:55:25,12:58:06,,061123_GarciaH
6/11/23,Garcia,H,2,4,5,6,11,12:59:19,13:02:04,,061123_GarciaH
6/11/23,Garcia,H,3,7,8,9,12,13:03:08,13:05:52,,061123_GarciaH
6/28/23,Garcia,G,1,1,2,3,10,10:49:25,10:52:08,,062823_GarciaG
6/28/23,Garcia,G,2,4,5,6,11,10:54:51,10:57:16,,062823_GarciaG
6/28/23,Garcia,G,3,7,8,9,13,11:01:10,11:03:56,,062823_GarciaG
6/28/23,Garcia,E,1,1,2,3,10,11:39:25,11:42:10,,062823_GarciaE
6/28/23,Garcia,E,2,4,5,6,11,11:43:55,11:46:40,,062823_GarciaE
6/28/23,Garcia,E,3,7,8,9,13,11:48:13,11:50:58,,062823_GarciaE
6/28/23,Garcia,H,1,1,2,3,11,12:30:14,12:32:59,,062823_GarciaH
6/28/23,Garcia,H,2,4,5,7,12,12:34:30,12:37:15,,062823_GarciaH
6/28/23,Garcia,H,3,8,9,10,13,12:39:23,12:42:08,,062823_GarciaH
8/18/23,Garcia,G,1,1,3,4,1,10:33:48,10:36:33,10:00,081823_GarciaG
8/18/23,Garcia,G,2,5,6,7,2,10:38:29,10:41:14,10:00,081823_GarciaG
8/18/23,Garcia,G,3,8,9,10,3,10:43:23,10:46:08,10:00,081823_GarciaG
8/18/23,Garcia,E,1,1,2,3,1,11:18:33,11:21:18,11:00,081823_GarciaE
8/18/23,Garcia,E,2,4,6,7,2,11:23:00,11:25:45,11:00,081823_GarciaE
8/18/23,Garcia,E,3,9,10,11,3,11:29:15,11:32:00,11:00,081823_GarciaE
8/18/23,Garcia,H,1,1,2,3,1,12:06:23,12:09:07,12:00,081823_GarciaH
8/18/23,Garcia,H,2,4,5,6,2,12:10:49,12:13:34,12:00,081823_GarciaH
8/18/23,Garcia,H,3,7,8,9,3,12:15:11,12:17:56,12:00,081823_GarciaH
8/18/23,Garcia,G,1,1,2,3,1,13:31:09,13:33:53,13:00,081823_GarciaG_2
8/18/23,Garcia,G,2,4,5,6,2,13:34:51,13:37:36,13:00,081823_GarciaG_2
8/18/23,Garcia,G,3,7,8,10,3,13:42:45,13:45:30,13:00,081823_GarciaG_2
8/18/23,Garcia,E,1,1,2,3,1,14:16:08,14:18:53,14:00,081823_GarciaE_2
8/18/23,Garcia,E,2,4,5,6,2,14:20:35,14:23:20,14:00,081823_GarciaE_2
8/18/23,Garcia,E,3,7,8,10,3,14:25:03,14:27:48,14:00,081823_GarciaE_2
8/18/23,Garcia,H,1,1,3,4,1,15:02:15,15:05:00,15:00,081823_GarciaH_2
8/18/23,Garcia,H,2,5,7,8,2,15:06:24,15:09:09,15:00,081823_GarciaH_2
8/18/23,Garcia,H,3,9,10,12,3,15:10:24,15:13:09,15:00,081823_GarciaH_2
8/18/23,Garcia,H,1,1,2,3,1,15:38:20,15:41:05,16:00,081823_GarciaH_2
8/18/23,Garcia,H,2,4,5,7,2,15:42:18,15:45:03,16:00,081823_GarciaH_2
8/18/23,Garcia,H,3,9,10,11,3,15:46:46,15:49:31,16:00,081823_GarciaH_2
9/21/23,Garcia,G,1,1,2,3,1,9:08:41,9:11:26,9:00,092123_GarciaG
9/21/23,Garcia,G,2,4,6,7,2,9:12:50,9:15:34,9:00,092123_GarciaG
9/21/23,Garcia,G,3,8,9,10,3,9:17:57,9:20,9:00,092123_GarciaG
9/21/23,Garcia,E,1,1,2,3,1,9:57:03,9:59:48,10:00,092123_GarciaE
9/21/23,Garcia,E,2,4,5,6,2,10:01:25,10:04:09,10:00,092123_GarciaE
9/21/23,Garcia,E,3,7,9,10,3,10:05:18,10:08:03,10:00,092123_GarciaE
9/21/23,Garcia,H,1,1,2,5,1,10:43:31,10:46:16,11:00,092123_GarciaH
9/21/23,Garcia,H,2,6,7,8,3,10:47:35,10:50:19,11:00,092123_GarciaH
9/21/23,Garcia,H,3,9,10,11,4,10:52:02,10:54:47,11:00,092123_GarciaH
9/21/23,Garcia,G,1,1,2,3,1,11:57:39,12:00:23,12:00,092123_GarciaG_2
9/21/23,Garcia,G,2,4,5,6,2,12:01:43,12:04:28,12:00,092123_GarciaG_2
9/21/23,Garcia,G,3,7,8,9,3,12:06:59,12:09:44,12:00,092123_GarciaG_2
9/21/23,Garcia,E,1,1,2,3,1,12:43:02,12:45:45,13:00,092123_GarciaE_2
9/21/23,Garcia,E,2,4,5,6,2,12:46:42,12:49,13:00,092123_GarciaE_2
9/21/23,Garcia,E,3,7,8,9,3,,,13:00,092123_GarciaE_2
9/21/23,Garcia,H,1,1,2,3,4,14:02:40,14:05:25,14:00,092123_GarciaH_2
9/21/23,Garcia,H,2,4,5,6,5,14:07:45,14:10,14:00,092123_GarciaH_2
9/21/23,Garcia,H,3,7,8,9,6,14:12:40,14:15:25,14:00,092123_GarciaH_2
9/21/23,Garcia,G,1,1,2,3,1,14:54:22,14:57:07,15:00,092123_GarciaG_3
9/21/23,Garcia,G,2,4,6,7,2,14:58:39,15:01:20,15:00,092123_GarciaG_3
9/21/23,Garcia,G,3,8,9,10,3,15:02:38,15:05:23,15:00,092123_GarciaG_3
9/21/23,Garcia,E,1,1,2,3,1,15:39:02,15:41:47,16:00,092123_GarciaE_3
9/21/23,Garcia,E,2,4,5,6,2,15:42:58,15:45:43,16:00,092123_GarciaE_3
9/21/23,Garcia,E,3,7,8,9,3,15:46:45,15:49:31,16:00,092123_GarciaE_3
9/21/23,Garcia,H,1,1,2,3,1,16:25:45,16:28:29,17:00,092123_GarciaH_3
9/21/23,Garcia,H,2,4,5,6,2,16:29:13,16:31:56,17:00,092123_GarciaH_3
9/21/23,Garcia,H,3,7,8,10,3,16:32:51,16:35:35,17:00,092123_GarciaH_3
10/6/23,Garcia,G,1,1,2,3,1,9:20:33,9:23:18,9:00,100623_GarciaG
10/6/23,Garcia,G,2,4,5,6,2,9:24:44,9:27:29,9:00,100623_GarciaG
10/6/23,Garcia,G,3,7,8,9,3,9:28:40,9:31:25,9:00,100623_GarciaG
10/6/23,Garcia,E,1,1,2,3,1,10:02:57,10:05:42,10:00,100623_GarciaE
10/6/23,Garcia,E,2,4,5,6,2,10:07:34,10:10:19,10:00,100623_GarciaE
10/6/23,Garcia,E,3,7,8,9,3,10:11:22,10:14:06,10:00,100623_GarciaE
10/6/23,Garcia,H,1,1,2,3,1,10:53:08,10:55:53,11:00,100623_GarciaH
10/6/23,Garcia,H,2,4,5,6,3,10:57:50,11:00:35,11:00,100623_GarciaH
10/6/23,Garcia,H,3,7,8,9,4,11:01:35,11:04:20,11:00,100623_GarciaH
10/6/23,Garcia,G,1,1,2,3,1,11:47:01,11:49:47,12:00,100623_GarciaG_2
10/6/23,Garcia,G,2,4,5,6,2,11:51:12,11:53:57,12:00,100623_GarciaG_2
10/6/23,Garcia,G,3,7,8,9,3,11:54:44,11:57:29,12:00,100623_GarciaG_2
10/6/23,Garcia,E,1,1,2,3,1,12:31:08,12:33:53,13:00,100623_GarciaE_2
10/6/23,Garcia,E,2,4,5,6,2,12:34:57,12:37:43,13:00,100623_GarciaE_2
10/6/23,Garcia,E,3,7,8,9,3,12:38:39,12:41:23,13:00,100623_GarciaE_2
10/6/23,Garcia,H,1,1,2,3,1,14:00:43,14:03:28,14:00,100623_GarciaH_2
10/6/23,Garcia,H,2,4,5,6,3,14:05:09,14:07:54,14:00,100623_GarciaH_2
10/6/23,Garcia,H,3,7,8,9,4,14:08:53,14:11:37,14:00,100623_GarciaH_2
10/6/23,Garcia,G,1,1,2,3,11,14:38:39,14:41:23,15:00,100623_GarciaG_3
10/6/23,Garcia,G,2,4,5,6,2,14:42:56,14:45:41,15:00,100623_GarciaG_3
10/6/23,Garcia,G,3,7,8,9,3,14:47:40,14:50:25,15:00,100623_GarciaG_3
10/25/23,Garcia,G,1,1,2,3,1,9:13:29,9:16:09,9:00,102523_GarciaG
10/25/23,Garcia,G,2,4,5,6,2,9:19:30,9:22:10,9:00,102523_GarciaG
10/25/23,Garcia,G,3,7,8,9,3,9:24:43,9:27:23,9:00,102523_GarciaG
10/25/23,Garcia,E,1,1,2,3,1,10:01:53,10:04:33,10:00,102523_GarciaE
10/25/23,Garcia,E,2,4,5,6,2,10:06:38,10:09:18,10:00,102523_GarciaE
10/25/23,Garcia,E,3,7,8,9,3,10:12:13,10:14:53,10:00,102523_GarciaE
10/25/23,Garcia,H,1,1,2,3,1,10:57:05,10:59:45,11:00,102523_GarciaH
10/25/23,Garcia,H,2,5,6,7,2,11:01:17,11:03:57,11:00,102523_GarciaH
10/25/23,Garcia,H,3,8,9,10,3,11:05:10,11:07:50,11:00,102523_GarciaH
10/25/23,Garcia,G,1,1,3,4,1,11:49:57,11:52:37,12:00,102523_GarciaG_2
10/25/23,Garcia,G,2,5,6,7,2,11:54:41,11:57:21,12:00,102523_GarciaG_2
10/25/23,Garcia,G,3,8,9,10,3,11:58:27,12:01:07,12:00,102523_GarciaG_2
10/25/23,Garcia,E,1,1,2,3,1,12:51:26,12:54:06,13:00,102523_GarciaE_2
10/25/23,Garcia,E,2,4,5,6,2,12:56:01,12:58:41,13:00,102523_GarciaE_2
10/25/23,Garcia,E,3,7,8,9,3,12:59:54,13:02:34,13:00,102523_GarciaE_2
10/25/23,Garcia,H,1,1,2,3,1,13:44:42,13:47:22,14:00,102523_GarciaH_2
10/25/23,Garcia,H,2,5,6,7,2,13:49:55,13:52:35,14:00,102523_GarciaH_2
10/25/23,Garcia,H,3,8,9,10,5,13:54:06,13:56:46,14:00,102523_GarciaH_2
11/30/23,Garcia,G,1,1,2,3,1,9:59:27,10:02:11,,113023_GarciaG
11/30/23,Garcia,G,2,4,5,6,2,10:03:33,10:06:18,,113023_GarciaG
11/30/23,Garcia,G,3,7,8,9,1,10:08:47,10:11:31,,113023_GarciaG
11/30/23,Garcia,E,1,1,2,3,1,10:43:30,10:46:15,,113023_GarciaE
11/30/23,Garcia,E,2,4,5,6,2,10:50:00,10:52:44,,113023_GarciaE
11/30/23,Garcia,E,3,7,9,10,3,10:54:37,10:57:23,,113023_GarciaE
11/30/23,Garcia,H,1,1,2,3,1,11:40:51,11:43:36,,113023_GarciaH
11/30/23,Garcia,H,2,4,5,6,2,11:44:39,11:47:24,,113023_GarciaH
11/30/23,Garcia,H,3,7,8,9,3,11:49:10,11:51:55,,113023_GarciaH
1/26/24,Garcia,G,1,1,2,3,1,,,,
1/26/24,Garcia,G,2,4,5,6,2,,,,
1/26/24,Garcia,G,3,7,8,9,3,,,,
1/26/24,Garcia,E,1,1,,,1,,,,
1/26/24,Garcia,E,2,2,,,2,,,,
1/26/24,Garcia,E,3,3,,,3,,,,
1/26/24,Garcia,H,1,1,2,3,,,,,
1/26/24,Garcia,H,2,4,5,6,,,,,
1/26/24,Garcia,H,3,7,8,9,,,,,
3/11/24,Garcia,G,1,1,2,3,2,10:46:13,10:48:57,,031124_GarciaG
3/11/24,Garcia,G,2,4,5,6,1,10:50:30,10:53:15,,031124_GarciaG
3/11/24,Garcia,G,3,7,8,9,3,10:55:08,10:57:52,,031124_GarciaG
3/11/24,Garcia,E,1,1,2,3,1,12:15:56,12:18:41,,031124_GarciaE
3/11/24,Garcia,E,2,4,5,7,2,12:21:17,12:24:02,,031124_GarciaE
3/11/24,Garcia,E,3,8,9,10,3,12:26:02,12:28:47,,031124_GarciaE
3/11/24,Garcia,H,1,1,2,3,1,13:08:00,13:10:45,,031124_GarciaH
3/11/24,Garcia,H,2,4,5,6,2,13:12:03,13:14:48,,031124_GarciaH
3/11/24,Garcia,H,3,7,8,10,3,13:17:31,13:20:15,,031124_GarciaH
4/8/24,Garcia,G,1,4,5,6,1,10:08:28,10:11:13,10,040824_GarciaG
4/8/24,Garcia,G,2,1,2,3,2,10:12:37,10:15:22,10,040824_GarciaG
4/8/24,Garcia,G,3,7,8,9,3,10:16:19,10:19:04,10,040824_GarciaG
4/8/24,Garcia,E,1,1,2,3,1,10:55:00,10:57:40,11,040824_GarciaE
4/8/24,Garcia,E,2,4,5,6,2,10:59:33,11:02:28,11,040824_GarciaE
4/8/24,Garcia,E,3,7,8,10,3,11:04:42,11:07:26,11,040824_GarciaE
4/8/24,Garcia,H,1,1,2,3,1,11:47:29,11:50:14,12,040824_GarciaH
4/8/24,Garcia,H,2,4,5,6,2,11:51:07,11:53:52,12,040824_GarciaH
4/8/24,Garcia,H,3,7,8,9,3,11:55:23,11:58:08,12,040824_GarciaH
4/8/24,Garcia,G,1,1,2,3,1,12:49:31,12:52:16,13,040824_GarciaG_2
4/8/24,Garcia,G,2,4,5,6,2,12:53:26,12:56:11,13,040824_GarciaG_2
4/8/24,Garcia,G,3,7,8,9,3,12:57:16,13:00:01,13,040824_GarciaG_2
4/8/24,Garcia,E,1,2,3,4,1,13:34:19,13:37:04,13,040824_GarciaE_2
4/8/24,Garcia,E,2,5,6,7,2,13:37:57,13:40:42,13,040824_GarciaE_2
4/8/24,Garcia,E,3,8,9,10,3,13:42:32,13:45:17,13,040824_GarciaE_2
4/8/24,Garcia,H,1,1,2,3,1,14:21:10,14:23:55,14,040824_GarciaH_2
4/8/24,Garcia,H,2,4,5,6,2,14:24:52,14:27:37,14,040824_GarciaH_2
4/8/24,Garcia,H,3,7,8,9,3,14:28:34,14:31:19,14,040824_GarciaH_2
4/8/24,Garcia,G,1,1,2,3,1,15:11:02,15:13:47,15,040824_GarciaG_3
4/8/24,Garcia,G,2,5,6,7,2,15:14:54,15:17:38,15,040824_GarciaG_3
4/8/24,Garcia,G,3,8,9,10,3,,,15,
4/8/24,Garcia,E,1,1,2,3,1,15:55:59,15:58:44,16,040824_GarciaE_3
4/8/24,Garcia,E,2,4,5,6,2,15:59:56,16:02:40,16,040824_GarciaE_3
4/8/24,Garcia,E,3,7,8,9,3,16:03:41,16:06:26,16,040824_GarciaE_3
4/8/24,Garcia,H,1,1,2,3,1,16:40:08,16:42:54,17,040824_GarciaH_3
4/8/24,Garcia,H,2,4,5,6,2,16:44:09,16:46:53,17,040824_GarciaH_3
4/8/24,Garcia,H,3,7,8,9,3,16:47:49,16:50:34,17,040824_GarciaH_3
5/2/24,Garcia,G,1,1,2,3,1,9:57:46,10:00:30,10,050224_GarciaG
5/2/24,Garcia,G,2,4,5,6,2,10:03:21,10:06:06,10,050224_GarciaG
5/2/24,Garcia,G,3,7,8,9,3,10:07:12,10:09:57,10,050224_GarciaG
5/2/24,Garcia,E,1,1,2,3,1,10:44:56,10:47:40,11,050224_GarciaE
5/2/24,Garcia,E,2,4,5,6,2,10:50:19,10:53:05,11,050224_GarciaE
5/2/24,Garcia,E,3,7,8,9,3,,,11,
5/2/24,Garcia,H,1,1,2,3,5,12:02:34,12:05:18,12,050224_GarciaH
5/2/24,Garcia,H,2,4,5,6,6,,,12,
5/2/24,Garcia,H,3,7,8,9,7,12:13:27,12:16:12,12,050224_GarciaH
5/2/24,Garcia,G,1,1,2,3,1,13:18:57,13:21:42,13,050224_GarciaG_2
5/2/24,Garcia,G,2,4,5,6,2,13:26:10,13:28:54,13,050224_GarciaG_2
5/2/24,Garcia,G,3,7,8,9,3,13:30:07,13:32:52,13,050224_GarciaG_2
5/2/24,Garcia,E,1,1,2,3,1,14:14:54,14:17:39,14,050224_GarciaE_2
5/2/24,Garcia,E,2,4,5,6,2,14:21:20,14:24:05,14,050224_GarciaE_2
5/2/24,Garcia,E,3,7,8,9,3,14:27:15,14:30:00,14,050224_GarciaE_2
5/2/24,Garcia,H,1,1,2,3,1,15:11:53,15:14:38,15,050224_GarciaH_2
5/2/24,Garcia,H,2,4,5,6,2,15:15:57,15:18:42,15,050224_GarciaH_2
5/2/24,Garcia,H,3,8,9,10,3,15:20:00,15:22:44,15,050224_GarciaH_2
5/2/24,Garcia,E,1,1,2,3,1,16:11:57,16:14:42,16,050224_GarciaE_3
5/2/24,Garcia,E,2,7,8,9,2,16:16:36,16:19:21,16,050224_GarciaE_3
5/2/24,Garcia,E,3,4,5,6,3,16:20:15,16:23:00,16,050224_GarciaE_3
5/2/24,Garcia,G,1,,,,1,17:05:59,17:08:44,17,050224_GarciaG_3
5/2/24,Garcia,G,2,,,,2,17:10:15,17:13:00,17,050224_GarciaG_3
5/2/24,Garcia,G,3,,,,3,17:14:09,17:16:54,17,050224_GarciaG_3
5/20/24,Garcia,G,1,1,2,3,1,10:57:36,11:00:21,11,052024_GarciaG
5/20/24,Garcia,G,2,4,5,6,2,11:01:51,11:04:36,11,052024_GarciaG
5/20/24,Garcia,G,3,7,8,9,4,11:05:50,11:08:34,11,052024_GarciaG
5/20/24,Garcia,E,1,1,2,3,1,11:45:03,11:47:48,12,052024_GarciaE
5/20/24,Garcia,E,2,4,5,6,2,,,12,
5/20/24,Garcia,E,3,7,8,9,3,11:53:16,11:56:01,12,052024_GarciaE
5/20/24,Garcia,H,1,1,2,3,1,12:50:10,12:52:55,13,052024_GarciaH
5/20/24,Garcia,H,2,4,5,6,2,12:54:29,12:57:15,13,052024_GarciaH
5/20/24,Garcia,H,3,7,8,9,3,12:58:31,13:01:17,13,052024_GarciaH
5/20/24,Garcia,G,1,1,2,4,1,13:47:13,13:49:57,14,052024_GarciaG_2
5/20/24,Garcia,G,2,5,6,7,2,13:51:15,13:54:00,14,052024_GarciaG_2
5/20/24,Garcia,G,3,8,9,10,3,13:55:18,13:58:02,14,052024_GarciaG_2
5/20/24,Garcia,E,1,1,2,3,1,14:33:27,14:36:12,15,052024_GarciaE_2
5/20/24,Garcia,E,2,4,5,6,2,14:37:12,14:39:56,15,052024_GarciaE_2
5/20/24,Garcia,E,3,7,8,9,3,14:41:23,14:44:07,15,052024_GarciaE_2
5/20/24,Garcia,H,1,1,2,3,1,15:20:45,15:23:31,16,052024_GarciaH_2
5/20/24,Garcia,H,2,5,6,7,2,15:24:27,15:27:11,16,052024_GarciaH_2
5/20/24,Garcia,H,3,8,9,10,3,15:28:07,15:30:52,16,052024_GarciaH_2
6/6/24,Garcia,G,1,1,2,3,10,10:21:35,10:24:20,10,060624_GarciaG
6/6/24,Garcia,G,2,4,5,6,11,10:25:52,10:28:36,10,060624_GarciaG
6/6/24,Garcia,G,3,7,8,9,12,10:30:21,10:33:05,10,060624_GarciaG
6/6/24,Garcia,E,1,1,2,3,1,11:13:32,11:16:17,11,060624_GarciaE
6/6/24,Garcia,E,2,4,5,6,2,11:17:48,11:20:33,11,060624_GarciaE
6/6/24,Garcia,E,3,7,8,9,3,11:23:29,11:26:14,11,060624_GarciaE
6/6/24,Garcia,H,1,1,2,3,1,12:09:11,12:11:56,12,060624_GarciaH
6/6/24,Garcia,H,2,4,5,6,2,12:14:47,12:17:32,12,060624_GarciaH
6/6/24,Garcia,H,3,7,8,9,3,12:19:35,12:22:20,12,060624_GarciaH
6/27/24,Garcia,G,1,1,2,3,1,10:21:05,10:23:49,11,062724_GarciaG
6/27/24,Garcia,G,2,4,5,6,2,10:30:12,10:32:56,11,062724_GarciaG
6/27/24,Garcia,G,3,7,8,9,3,10:35:09,10:37:54,11,062724_GarciaG
6/27/24,Garcia,E,1,1,2,3,1,11:26:56,11:29:42,12,062724_GarciaE
6/27/24,Garcia,E,2,4,5,6,2,11:32:15,11:35:00,12,062724_GarciaE
6/27/24,Garcia,E,3,7,8,9,3,11:39:30,11:42:15,12,062724_GarciaE
6/27/24,Garcia,H,1,1,2,3,1,12:37:42,12:40:26,13,062724_GarciaH
6/27/24,Garcia,H,2,4,5,6,2,12:41:53,12:44:37,13,062724_GarciaH
6/27/24,Garcia,H,3,7,8,9,3,12:49:17,12:52:02,13,062724_GarciaH
6/27/24,Garcia,G,1,1,3,4,1,13:52:45,13:55:30,14,062724_GarciaG_2
6/27/24,Garcia,G,2,5,6,7,2,13:57:53,14:00:39,14,062724_GarciaG_2
6/27/24,Garcia,G,3,8,9,10,3,14:01:40,14:04:05,14,062724_GarciaG_2
6/27/24,Garcia,E,1,1,2,3,1,14:44:55,14:47:40,15,062724_GarciaE_2
6/27/24,Garcia,E,2,4,5,6,2,,,15,
6/27/24,Garcia,E,3,7,8,9,3,,,15,
6/27/24,Garcia,H,1,1,2,3,1,,,16,
6/27/24,Garcia,H,2,4,5,6,2,,,16,
6/27/24,Garcia,H,3,7,8,9,3,,,16,
8/9/24,Garcia,G,1,1,2,3,1,9:50:27,9:53:11,10,080924_GarciaG
8/9/24,Garcia,G,2,4,5,6,2,9:54:29,9:57:11,10,080924_GarciaG
8/9/24,Garcia,G,3,8,9,11,3,10:04:04,10:06:49,10,080924_GarciaG
8/9/24,Garcia,E,1,1,2,3,1,10:42:59,10:45:45,11,080924_GarciaE
8/9/24,Garcia,E,2,4,5,6,2,10:47:41,10:50:26,11,080924_GarciaE
8/9/24,Garcia,E,3,7,8,9,3,10:54:45,10:57:30,11,080924_GarciaE
8/9/24,Garcia,H,1,1,2,3,1,11:51:34,11:54:19,12,080924_GarciaH
8/9/24,Garcia,H,2,5,6,7,2,12:01:32,12:04:16,12,080924_GarciaH
8/9/24,Garcia,H,3,8,9,10,3,,,,
8/9/24,Garcia,G,1,1,2,3,1,12:54:50,12:57:35,13,080924_GarciaG_2
8/9/24,Garcia,G,2,4,5,6,2,12:59:08,13:01:53,13,080924_GarciaG_2
8/9/24,Garcia,G,3,7,8,9,3,13:02:51,13:05:36,13,080924_GarciaG_2
8/9/24,Garcia,E,1,1,2,3,1,14:01:53,14:04:38,14,080924_GarciaE_2
8/9/24,Garcia,E,2,4,5,6,2,14:05:45,14:08:29,14,080924_GarciaE_2
8/9/24,Garcia,E,3,7,8,9,4,14:09:50,14:12:35,14,080924_GarciaE_2
8/9/24,Garcia,H,1,1,2,3,1,14:53:02,14:55:46,15,080924_GarciaH_2
8/9/24,Garcia,H,2,4,5,6,2,14:57:06,14:59:51,15,080924_GarciaH_2
8/9/24,Garcia,H,3,7,8,9,3,15:00:45,15:03:30,15,080924_GarciaH_2