,,SYS,SYS,SYS,SYS,SYS,USERDEF,USERDEF,USERDEF,USERDEF,PORO,PORO,PORO,PORO,PORO,PORO,PORO,PORO,PORO,PORO,PORO,PORO,PORO,FLUORO,FLUORO,FLUORO,FLUORO,FLUORO,FLUORO,FLUORO,FLUORO,FLUORO,FLUORO,FLUORO,SENSOR,SENSOR,SENSOR,SENSOR,SENSOR,SENSOR,SENSOR,SENSOR,SENSOR,SENSOR,SENSOR,MATCH,MATCH,MATCH,MATCH,STABILITY,STABILITY,STABILITY,STABILITY,STABILITY,STABILITY,P_CONFIG,P_CONFIG,P_CONFIG,P_CONFIG,P_CONFIG,P_CONFIG,P_CONFIG,P_CONFIG,P_CONFIG,P_CONFIG,P_CONFIG,FL_CONFIG,FL_CONFIG,FL_CONFIG,FL_CONFIG,FL_CONFIG,FL_CONFIG,FL_CONFIG,FL_CONFIG,FL_CONFIG,FL_CONFIG,FL_CONFIG,FL_CONFIG,FL_CONFIG,FL_CONFIG,FL_CONFIG,SENSOR_V,SENSOR_V,SENSOR_V,SENSOR_V,SENSOR_V,SENSOR_V,SENSOR_V,SENSOR_V,SENSOR_V,SENSOR_V,USERCAL,USERCAL,USERCAL,USERCAL,USERCAL,USERCAL,USERCAL,USERCAL,USERCAL,USERCAL,META,META,META,META,META,META,META
leaf_lk,lightdark,Obs#,Time,Date,configName,configAuthor,remark,Observation,,,gsw,gbw,gtw,E_apparent,VPcham,VPref,VPleaf,VPDleaf,H2O_r,H2O_s,H2O_leaf,leaf_area,leaf_width,flashID,Fo,Fm,Fv/Fm,Fs,Fm',PhiPS2,PS2/1,abs,ETR,TRANS,rh_s,rh_r,Tref,Tmeas,Tleaf,P_atm,flow,flow_s,leak_pct,Qamb,batt,match_time,match_date,rh_adj,type,gsw1sec,gsw2sec,gsw4sec,flr1sec,flr2sec,flr4sec,auto,flow_set,gsw_limit,gsw_period,aw,Bla,Blb,Blc,Bld,Ble,chamber,dark,flash_type,flash_intensity,modrate,flr_limit,flr_period,P1_dur,P2_dur,P3_dur,P1_Fmax,P2_ramp,P2_slp,P3_Fmax,P3_Pred,P3_DeltaF,v_humA,v_humB,v_flowIn,v_flowOut,v_temp,v_irt,v_pres,v_par,v_F,i_LED,b_rhr,m_rhr,span_rhr,b_rhs,m_rhs,span_rhs,z_flowIn,z_flowOut,z_quantum,z_flr,flashId,lciSerNum,lcpSerNum,lcfSerNum,lcrhSerNum,version,configUpdatedAt
,,,HHMMSS,YYYYMMDD,,,,,,,mol+1m-2s-1,mol+1m-2s-1,mol+1m-2s-1,mmol+1m-2s-1,kPa,kPa,kPa,kPa,mmol+1mol-1,mmol+1mol-1,mmol+1mol-1,cm+2,mm,,,,,,,,,,umol+1m-2s-1,,%,%,C,C,C,kPa,umol+1sec-1,umol+1sec-1,%,umol+1m-2s-1,V,HHMMSS,YYYYMMDD,%,,,,,,,,,umol+1sec-1,(umol+1m-2s-1)s-1,s,,,,,,,,,,umol+1m-2s-1,Hz,s-1,s,ms,ms,ms,,%,,,,,V,V,V,V,V,V,V,V,V,A,,,,,,,,,,,,,,,,,
1,D,1,7:42:12,3/3/26,Manual gsw+F,LI-COR Default,,001,,,2.31254,2.618143,1.227936,4.313309,0.988516,0.836622,1.342432,0.353916,8.208613,9.698942,13.171425,0.441786,7.5,PSF-00232_20260303074212_042,0,0,0,398.494354,1193.053345,0.665988,0.5,0.8,0.036088,1,72.06,60.99,11.61,11.28,11.28,101.92,126.6,-13.2,110.5,0,4.032,7:41:19,3/3/26,-0.39,1,-0.018,0.009,-0.017,0.658,1.302,2.121,0,150,-9999,-9999,0.058905,0,0.02923,0,0,-0.000068,standard,0,mpf,7000,500,-9999,-9999,300,300,300,994.39502,25,-139.883698,992.21991,992.612732,-0.392822,2.501851,2.526393,1.398529,0.578898,0.466941,-0.001291,0.053003,0.107184,398.494354,0.000642,2.40043,-0.000041,1,2.408421,-0.000039,1,0.60025,0.601702,0.107071,0,PSF-00232_20260303074212_042,PFA-00245,PSA-00257,PSF-00232,RHS-00222,3.0.0,2021-01-19T12:57:14.097Z
2,D,1,8:20:23,3/3/26,Manual gsw+F,LI-COR Default,,001,,,1.346052,2.545243,0.880434,3.550094,0.959759,0.82865,1.366116,0.406357,8.128742,9.414874,13.401083,0.441786,7.5,PSF-00232_20260303082023_a11,0,0,0,97.406029,409.411682,0.762083,0.5,0.8,0.493619,1,69.19,59.74,11.78,11.55,11.55,101.94,120.8,-13.3,111,2,4.021,8:19:36,3/3/26,-0.47,1,-0.009,-0.003,-0.002,0.041,-0.038,-0.08,0,150,-9999,-9999,0.058905,0,0.02923,0,0,-0.000068,standard,0,mpf,7000,500,-9999,-9999,300,300,300,409.411682,25,5.281641,411.133301,416.979797,-5.846497,2.50005,2.522511,1.353439,0.578813,0.463795,-0.000337,0.199637,0.108421,97.406029,0.000666,2.40043,-0.000041,1,2.408421,-0.000039,1,0.60025,0.601702,0.107071,0,PSF-00232_20260303082023_a11,PFA-00245,PSA-00257,PSF-00232,RHS-00222,3.0.0,2021-01-19T12:57:14.097Z
3,L,2,8:30:04,3/3/26,Manual gsw+F,LI-COR Default,,002,,,0.705166,2.276461,0.538392,1.972731,1.019938,0.933598,1.388994,0.369056,9.15957,10.006653,13.627472,0.441786,7.5,PSF-00232_20260303083004_eb1,0,0,0,99.579689,321.449524,0.690217,0.5,0.8,29.133963,1,69.78,63.87,12.57,11.8,11.8,101.93,101.9,-12.2,112,106,4.009,8:19:36,3/3/26,-0.47,1,-0.003,-0.004,-0.007,-0.275,-1.82,-2.175,0,150,-9999,-9999,0.058905,0,0.02923,0,0,-0.000068,standard,0,mpf,7000,500,-9999,-9999,300,300,300,321.449524,25,0.359123,322.283508,321.964111,0.319397,2.505616,2.523121,1.212179,0.580606,0.449221,-0.006165,0.248788,0.195044,99.579689,0.000633,2.40043,-0.000041,1,2.408421,-0.000039,1,0.60025,0.601702,0.107071,0,PSF-00232_20260303083004_eb1,PFA-00245,PSA-00257,PSF-00232,RHS-00222,3.0.0,2021-01-19T12:57:14.097Z
4,L,3,8:33:26,3/3/26,Manual gsw+F,LI-COR Default,,003,,,0.45022,2.207945,0.373965,1.471393,1.01566,0.948394,1.411886,0.396227,9.305507,9.965509,13.853229,0.441786,7.5,PSF-00232_20260303083326_777,0,0,0,88.508965,359.346283,0.753694,0.5,0.8,23.269045,1,68.45,63.92,12.8,12.05,12.05,101.92,97.5,-12.4,112.7,77,3.999,8:33:05,3/3/26,-0.85,1,-0.003,-0.006,-0.005,0.008,0.261,-1.081,0,150,-9999,-9999,0.058905,0,0.02923,0,0,-0.000068,standard,0,mpf,7000,500,-9999,-9999,300,300,300,356.870056,25,-1.454628,357.64325,357.261932,0.381317,2.505612,2.521757,1.180959,0.580348,0.445094,-0.006035,0.262351,0.171416,88.508965,0.000654,2.40043,-0.000041,1,2.408421,-0.000039,1,0.60025,0.601702,0.107071,0,PSF-00232_20260303083326_777,PFA-00245,PSA-00257,PSF-00232,RHS-00222,3.0.0,2021-01-19T12:57:14.097Z
5,D,4,8:38:57,3/3/26,Manual gsw+F,LI-COR Default,,004,,,0.323935,2.102097,0.280681,1.257415,1.023499,0.961981,1.474396,0.450897,9.440584,10.044302,14.46926,0.441786,7.5,PSF-00232_20260303083857_a69,0,0,0,82.202194,293.896179,0.720302,0.5,0.8,57.706047,1,67.66,63.6,13.1,12.71,12.71,101.9,91.1,-13.8,115.1,200,3.997,8:33:05,3/3/26,-0.85,1,-0.001,0.004,0.007,0.193,0.178,-1.295,0,150,-9999,-9999,0.058905,0,0.02923,0,0,-0.000068,standard,0,mpf,7000,500,-9999,-9999,300,300,300,289.082062,25,-3.150485,290.436737,289.381836,1.054901,2.505089,2.520597,1.135691,0.578008,0.439867,-0.002296,0.282649,0.274042,82.202194,0.000633,2.40043,-0.000041,1,2.408421,-0.000039,1,0.60025,0.601702,0.107071,0,PSF-00232_20260303083857_a69,PFA-00245,PSA-00257,PSF-00232,RHS-00222,3.0.0,2021-01-19T12:57:14.097Z
6,L,5,8:40:59,3/3/26,Manual gsw+F,LI-COR Default,,005,,,0.298128,2.081361,0.260775,1.139048,1.027827,0.971338,1.467534,0.439707,9.530885,10.085168,14.399623,0.441786,7.5,PSF-00232_20260303084059_8a6,0,0,0,101.812363,425.171265,0.760538,0.5,0.8,0.501362,1,67.32,63.62,13.24,12.63,12.63,101.91,89.9,-13.6,115.1,2,3.988,8:33:05,3/3/26,-0.85,1,0,0.004,0.001,0.276,0.637,1.413,0,150,-9999,-9999,0.058905,0,0.02923,0,0,-0.000068,standard,0,mpf,7000,500,-9999,-9999,300,300,300,425.171265,25,1.987871,425.852173,428.019714,-2.167542,2.505078,2.520079,1.127205,0.578271,0.437339,-0.004572,0.289656,0.108445,101.812363,0.00064,2.40043,-0.000041,1,2.408421,-0.000039,1,0.60025,0.601702,0.107071,0,PSF-00232_20260303084059_8a6,PFA-00245,PSA-00257,PSF-00232,RHS-00222,3.0.0,2021-01-19T12:57:14.097Z
7,L,6,8:46:51,3/3/26,Manual gsw+F,LI-COR Default,,006,,,0.152666,1.967461,0.141673,0.701324,1.026346,0.988849,1.524591,0.498245,9.701756,10.06964,14.958003,0.441786,7.5,PSF-00232_20260303084651_acc,0,0,0,97.775459,345.704041,0.71717,0.5,0.8,36.295235,1,64.97,62.6,13.76,13.22,13.22,101.92,83.4,-13.5,116.2,127,3.978,8:45:54,3/3/26,-0.69,1,-0.001,-0.002,-0.003,-0.07,0.229,0.183,0,150,-9999,-9999,0.058905,0,0.02923,0,0,-0.000068,standard,0,mpf,7000,500,-9999,-9999,300,300,300,340.680969,25,-3.339115,341.095459,340.919403,0.176056,2.503516,2.516471,1.082598,0.578398,0.42825,-0.004059,0.307982,0.212549,97.775459,0.000628,2.40043,-0.000041,1,2.408421,-0.000039,1,0.60025,0.601702,0.107071,0,PSF-00232_20260303084651_acc,PFA-00245,PSA-00257,PSF-00232,RHS-00222,3.0.0,2021-01-19T12:57:14.097Z
8,L,7,8:53:12,3/3/26,Manual gsw+F,LI-COR Default,,007,,,0.114421,1.892313,0.107897,0.675875,1.051759,1.013749,1.681764,0.630004,9.944494,10.317361,16.497465,0.441786,7.5,PSF-00232_20260303085312_fc6,0,0,0,111.735825,160.813797,0.305185,0.5,0.8,82.413422,1,65.2,62.84,14.09,14.73,14.73,101.94,79.3,-12.8,116.2,675,3.973,8:45:54,3/3/26,-0.69,1,0,0.002,0.004,-0.144,-0.498,-1.13,0,150,-9999,-9999,0.058905,0,0.02923,0,0,-0.000068,standard,0,mpf,7000,500,-9999,-9999,300,300,300,158.379074,25,-1.673185,158.171295,158.416275,-0.24498,2.503767,2.5167,1.054864,0.579598,0.422716,0.008463,0.326266,0.66989,112.225769,0.00062,2.40043,-0.000041,1,2.408421,-0.000039,1,0.60025,0.601702,0.107071,0,PSF-00232_20260303085312_fc6,PFA-00245,PSA-00257,PSF-00232,RHS-00222,3.0.0,2021-01-19T12:57:14.097Z
9,L,8,8:56:26,3/3/26,Manual gsw+F,LI-COR Default,,008,,,0.068289,1.863653,0.065875,0.60544,1.061764,1.027045,1.984662,0.922898,10.075042,10.41563,19.469019,0.441786,7.5,PSF-00232_20260303085626_fa6,0,0,0,129.625443,176.638245,0.266153,0.5,0.8,109.734482,1,64.73,62.61,14.34,17.32,17.32,101.94,77.7,-9.9,112.8,1031,3.969,8:45:54,3/3/26,-0.69,1,0,0,-0.002,-0.163,-0.192,-0.264,0,150,-9999,-9999,0.058905,0,0.02923,0,0,-0.000068,standard,0,mpf,7000,500,-9999,-9999,300,300,300,171.972153,25,-3.21578,171.649216,172.030319,-0.381104,2.50337,2.515971,1.044612,0.584524,0.418336,0.033741,0.335017,0.966373,129.625443,0.000625,2.40043,-0.000041,1,2.408421,-0.000039,1,0.60025,0.601702,0.107071,0,PSF-00232_20260303085626_fa6,PFA-00245,PSA-00257,PSF-00232,RHS-00222,3.0.0,2021-01-19T12:57:14.097Z
10,L,9,8:59:59,3/3/26,Manual gsw+F,LI-COR Default,,009,,,0.05432,1.813397,0.05274,0.436173,1.078449,1.052545,1.909455,0.831006,10.321502,10.575516,18.72455,0.441786,7.5,PSF-00232_20260303085959_cda,0,0,0,113.195297,148.86908,0.239632,0.5,0.8,97.753395,1,63.42,61.9,14.9,16.71,16.71,101.98,75.1,-13.8,118.4,1020,3.964,8:59:24,3/3/26,-0.6,1,-0.001,0,0.001,-0.138,-0.35,-0.655,0,150,-9999,-9999,0.058905,0,0.02923,0,0,-0.000068,standard,0,mpf,7000,500,-9999,-9999,300,300,300,145.282028,25,-2.438587,145.273804,145.374802,-0.100998,2.502228,2.513876,1.027041,0.577859,0.409076,0.020997,0.343938,0.957272,113.195297,0.000613,2.40043,-0.000041,1,2.408421,-0.000039,1,0.60025,0.601702,0.107071,0,PSF-00232_20260303085959_cda,PFA-00245,PSA-00257,PSF-00232,RHS-00222,3.0.0,2021-01-19T12:57:14.097Z
11,L,10,9:03:37,3/3/26,Manual gsw+F,LI-COR Default,,010,,,0.033115,1.767955,0.032506,0.314122,1.104777,1.085521,2.074901,0.970124,10.644502,10.833328,20.346258,0.441786,7.5,PSF-00232_20260303090337_f29,0,0,0,82.692505,119.038086,0.305327,0.5,0.8,131.491638,1,62.7,61.61,15.45,18.03,18.03,101.98,72.7,-13.2,118.1,1077,3.956,8:59:24,3/3/26,-0.6,1,-0.001,-0.001,-0.003,0.085,0.029,-0.093,0,150,-9999,-9999,0.058905,0,0.02923,0,0,-0.000068,standard,0,mpf,7000,500,-9999,-9999,300,300,300,113.963844,25,-3.46245,114.057899,114.076714,-0.018814,2.501671,2.512718,1.011581,0.579007,0.40007,0.029359,0.352673,1.004638,82.692505,0.000605,2.40043,-0.000041,1,2.408421,-0.000039,1,0.60025,0.601702,0.107071,0,PSF-00232_20260303090337_f29,PFA-00245,PSA-00257,PSF-00232,RHS-00222,3.0.0,2021-01-19T12:57:14.097Z
12,L,11,9:09:36,3/3/26,Manual gsw+F,LI-COR Default,,011,,,-0.051601,1.729873,-0.053187,-0.569833,1.062679,1.098594,2.138283,1.075604,10.771028,10.418903,20.964531,0.441786,7.5,PSF-00232_20260303090936_4cf,0,0,0,94.926598,137.84671,0.311361,0.5,0.8,134.571701,1,56.43,58.34,16.49,18.51,18.51,102,70.7,-12.5,117.7,1081,3.95,8:59:24,3/3/26,-0.6,1,0,-0.001,0,-0.198,-0.515,-1.161,0,150,-9999,-9999,0.058905,0,0.02923,0,0,-0.000068,standard,0,mpf,7000,500,-9999,-9999,300,300,300,132.880569,25,-3.418013,132.708191,132.949005,-0.240814,2.49679,2.503576,0.998921,0.580062,0.383641,0.023178,0.366024,1.007861,94.926598,0.000595,2.40043,-0.000041,1,2.408421,-0.000039,1,0.60025,0.601702,0.107071,0,PSF-00232_20260303090936_4cf,PFA-00245,PSA-00257,PSF-00232,RHS-00222,3.0.0,2021-01-19T12:57:14.097Z
13,L,12,9:14:13,3/3/26,Manual gsw+F,LI-COR Default,,012,,,-0.024096,1.741739,-0.024434,-0.311732,1.099091,1.118566,2.37824,1.279149,10.966172,10.77524,23.315735,0.441786,7.5,PSF-00232_20260303091413_758,0,0,0,79.666969,97.965279,0.186784,0.5,0.8,99.756981,1,57.23,58.24,16.8,20.22,20.22,102,71.4,-12.9,118.1,1335,3.94,9:13:33,3/3/26,-0.18,1,0,0.001,0,-0.01,0.239,0.331,0,150,-9999,-9999,0.058905,0,0.02923,0,0,-0.000068,standard,0,mpf,7000,500,-9999,-9999,300,300,300,95.676544,25,-1.580684,95.650078,95.700302,-0.050224,2.496577,2.50404,1.002838,0.579483,0.378907,0.03885,0.376351,1.220183,79.666969,0.000607,2.40043,-0.000041,1,2.408421,-0.000039,1,0.60025,0.601702,0.107071,0,PSF-00232_20260303091413_758,PFA-00245,PSA-00257,PSF-00232,RHS-00222,3.0.0,2021-01-19T12:57:14.097Z
14,L,13,9:21:29,3/3/26,Manual gsw+F,LI-COR Default,,013,,,-0.071941,1.755715,-0.075015,-1.006536,1.079322,1.141595,2.424501,1.345179,11.191533,10.581039,23.768393,0.441786,7.5,PSF-00232_20260303092129_db6,0,0,0,88.184952,100.832901,0.125435,0.5,0.8,74.750351,1,52.82,55.87,17.78,20.53,20.53,102.01,72.1,-11.3,115.7,1490,3.928,9:13:33,3/3/26,-0.18,1,0,0,0.001,-0.068,-0.077,-0.041,0,150,-9999,-9999,0.058905,0,0.02923,0,0,-0.000068,standard,0,mpf,7000,500,-9999,-9999,300,300,300,99.305031,25,-1.042,99.376205,99.339813,0.036392,2.492949,2.49747,1.007483,0.582186,0.364231,0.031411,0.390357,1.349094,88.184952,0.000603,2.40043,-0.000041,1,2.408421,-0.000039,1,0.60025,0.601702,0.107071,0,PSF-00232_20260303092129_db6,PFA-00245,PSA-00257,PSF-00232,RHS-00222,3.0.0,2021-01-19T12:57:14.097Z
15,L,14,9:29:32,3/3/26,Manual gsw+F,LI-COR Default,,014,,,-0.085132,1.816817,-0.089318,-1.278014,1.101574,1.177288,2.534954,1.43338,11.542687,10.800351,24.853891,0.441786,7.5,PSF-00232_20260303092932_60d,0,0,0,90.621826,107.832611,0.159606,0.5,0.8,97.591904,1,50.35,53.81,18.87,21.25,21.25,101.99,75.2,-12.2,116.3,1529,3.915,9:28:19,3/3/26,-0.22,1,0,0,-0.002,-0.263,-0.52,-1.164,0,150,-9999,-9999,0.058905,0,0.02923,0,0,-0.000068,standard,0,mpf,7000,500,-9999,-9999,300,300,300,105.223061,25,-1.801961,105.039597,105.250565,-0.210968,2.489742,2.493684,1.028221,0.580581,0.348639,0.027391,0.405231,1.381447,90.621826,0.000605,2.40043,-0.000041,1,2.408421,-0.000039,1,0.60025,0.601702,0.107071,0,PSF-00232_20260303092932_60d,PFA-00245,PSA-00257,PSF-00232,RHS-00222,3.0.0,2021-01-19T12:57:14.097Z
16,L,15,9:39:17,3/3/26,Manual gsw+F,LI-COR Default,,015,,,-0.076066,1.916072,-0.079211,-1.339389,1.131414,1.205517,2.822669,1.691255,11.81911,11.092588,27.673971,0.441786,7.5,PSF-00232_20260303093917_cc9,0,0,0,87.435722,104.398247,0.162479,0.5,0.8,106.621071,1,48.4,51.57,19.94,23.02,23.02,102,80.5,-11.9,114.8,1641,3.908,9:28:19,3/3/26,-0.22,1,0.002,0.003,0.004,0.033,-0.014,0.079,0,150,-9999,-9999,0.058905,0,0.02923,0,0,-0.000068,standard,0,mpf,7000,500,-9999,-9999,300,300,300,101.966858,25,-1.650513,102.137444,102.033211,0.104233,2.486255,2.490579,1.063496,0.581173,0.334009,0.035492,0.420933,1.474737,87.435722,0.000621,2.40043,-0.000041,1,2.408421,-0.000039,1,0.60025,0.601702,0.107071,0,PSF-00232_20260303093917_cc9,PFA-00245,PSA-00257,PSF-00232,RHS-00222,3.0.0,2021-01-19T12:57:14.097Z
17,L,16,9:43:28,3/3/26,Manual gsw+F,LI-COR Default,,016,,,-0.083393,1.986176,-0.087048,-1.458941,1.122358,1.199383,2.799133,1.676775,11.757969,11.002865,27.440865,0.441786,7.5,PSF-00232_20260303094328_406,0,0,0,78.304764,106.872368,0.267306,0.5,0.8,169.972916,1,46.9,50.12,20.32,22.88,22.88,102.01,84.4,-10.4,112.3,1590,3.898,9:42:13,3/3/26,-0.13,1,0,0.001,0,-0.009,0.04,0.392,0,150,-9999,-9999,0.058905,0,0.02923,0,0,-0.000068,standard,0,mpf,7000,500,-9999,-9999,300,300,300,103.101967,25,-2.575526,103.133797,103.181877,-0.04808,2.484079,2.488167,1.089706,0.583743,0.32897,0.029589,0.427977,1.432345,78.304764,0.000611,2.40043,-0.000041,1,2.408421,-0.000039,1,0.60025,0.601702,0.107071,0,PSF-00232_20260303094328_406,PFA-00245,PSA-00257,PSF-00232,RHS-00222,3.0.0,2021-01-19T12:57:14.097Z
18,L,17,9:51:05,3/3/26,Manual gsw+F,LI-COR Default,,017,,,-0.082585,2.088032,-0.085986,-1.647211,1.130244,1.211587,3.044705,1.914462,11.875451,11.078158,29.842886,0.441786,7.5,PSF-00232_20260303095105_cc9,0,0,0,96.792343,113.525124,0.147393,0.5,0.8,96.88443,1,44.55,47.76,21.27,24.27,24.27,102.02,90.3,-11.3,112.5,1643,3.886,9:42:13,3/3/26,-0.13,1,0.001,0,0.001,0.178,-0.122,-0.085,0,150,-9999,-9999,0.058905,0,0.02923,0,0,-0.000068,standard,0,mpf,7000,500,-9999,-9999,300,300,300,111.655716,25,-1.27688,111.801979,111.695473,0.106506,2.480438,2.484497,1.129922,0.582148,0.316678,0.034889,0.440019,1.477045,96.792343,0.000602,2.40043,-0.000041,1,2.408421,-0.000039,1,0.60025,0.601702,0.107071,0,PSF-00232_20260303095105_cc9,PFA-00245,PSA-00257,PSF-00232,RHS-00222,3.0.0,2021-01-19T12:57:14.097Z
19,L,18,9:59:52,3/3/26,Manual gsw+F,LI-COR Default,,018,,,-0.097523,2.287801,-0.101866,-2.096361,1.078092,1.169215,3.134227,2.056136,11.46095,10.567739,30.722523,0.441786,7.5,PSF-00232_20260303095952_389,0,0,0,77.353836,100.672676,0.23163,0.5,0.8,154.833008,1,40.32,43.73,22.12,24.76,24.76,102.02,102.6,-11.2,110.9,1671,3.878,9:58:31,3/3/26,0.15,1,0,0,0,-0.059,-0.044,-0.371,0,150,-9999,-9999,0.058905,0,0.02923,0,0,-0.000068,standard,0,mpf,7000,500,-9999,-9999,300,300,300,96.749069,25,-2.673468,96.797707,96.841843,-0.044136,2.47438,2.477628,1.217506,0.582436,0.305965,0.03065,0.451351,1.500236,77.353836,0.0006,2.40043,-0.000041,1,2.408421,-0.000039,1,0.60025,0.601702,0.107071,0,PSF-00232_20260303095952_389,PFA-00245,PSA-00257,PSF-00232,RHS-00222,3.0.0,2021-01-19T12:57:14.097Z
20,L,19,10:05:29,3/3/26,Manual gsw+F,LI-COR Default,,019,,,-0.102847,2.384675,-0.107483,-2.198359,1.048498,1.138412,3.093035,2.044537,11.15729,10.276071,30.314072,0.441786,7.5,PSF-00232_20260303100529_745,0,0,0,53.768635,84.788071,0.365847,0.5,0.8,244.060547,1,38.66,41.98,22.36,24.54,24.54,102.03,109.1,-11.2,110.3,1668,3.862,9:58:31,3/3/26,0.15,1,0,-0.001,-0.002,1.31,-1.276,-5.296,0,150,-9999,-9999,0.058905,0,0.02923,0,0,-0.000068,standard,0,mpf,7000,500,-9999,-9999,300,300,300,74.278954,25,-6.801111,73.851944,75.042702,-1.190758,2.471756,2.475092,1.265058,0.582344,0.30312,0.025373,0.458959,1.497449,54.223896,0.000624,2.40043,-0.000041,1,2.408421,-0.000039,1,0.60025,0.601702,0.107071,0,PSF-00232_20260303100529_745,PFA-00245,PSA-00257,PSF-00232,RHS-00222,3.0.0,2021-01-19T12:57:14.097Z
21,L,20,10:16:32,3/3/26,Manual gsw+F,LI-COR Default,,020,,,-0.075913,2.4979,-0.078292,-1.537318,1.048301,1.106823,3.011982,1.963682,10.847404,10.273857,29.518892,0.441786,7.5,PSF-00232_20260303101632_2c7,0,0,0,81.412193,95.29023,0.14564,0.5,0.8,101.346222,1,38.68,40.84,22.35,24.09,24.09,102.04,117.2,-10.1,108.6,1740,3.847,10:15:56,3/3/26,0.13,1,0,0,-0.001,-0.074,-0.011,-0.007,0,150,-9999,-9999,0.058905,0,0.02923,0,0,-0.000068,standard,0,mpf,7000,500,-9999,-9999,300,300,300,93.440292,25,-1.28867,93.406319,93.44368,-0.037361,2.470074,2.475155,1.325957,0.584195,0.303229,0.02033,0.471201,1.557386,81.412193,0.000619,2.40043,-0.000041,1,2.408421,-0.000039,1,0.60025,0.601702,0.107071,0,PSF-00232_20260303101632_2c7,PFA-00245,PSA-00257,PSF-00232,RHS-00222,3.0.0,2021-01-19T12:57:14.097Z
22,L,21,10:27:06,3/3/26,Manual gsw+F,LI-COR Default,,021,,,-0.046344,2.456261,-0.047236,-0.710574,1.082632,1.1104,2.590034,1.507402,10.881844,10.609724,25.382168,0.441786,7.5,PSF-00232_20260303102706_344,0,0,0,89.502098,336.901398,0.734337,0.5,0.8,254.794022,1,39.7,40.72,22.45,21.6,21.6,102.04,114.1,-13.3,111.6,867,3.835,10:15:56,3/3/26,0.13,1,0.001,0.001,0,1.575,1.11,-7.777,0,150,-9999,-9999,0.058905,0,0.02923,0,0,-0.000068,standard,0,mpf,7000,500,-9999,-9999,300,300,300,326.843628,25,-6.819702,328.31131,327.129395,1.181915,2.469878,2.476668,1.302819,0.578855,0.302013,-0.009238,0.487848,0.83022,89.502098,0.000614,2.40043,-0.000041,1,2.408421,-0.000039,1,0.60025,0.601702,0.107071,0,PSF-00232_20260303102706_344,PFA-00245,PSA-00257,PSF-00232,RHS-00222,3.0.0,2021-01-19T12:57:14.097Z
23,L,1,13:19:07,3/3/26,Manual gsw+F,LI-COR Default,,001,,,0.013843,2.177489,0.013755,0.258949,1.183107,1.171053,3.062272,1.879165,11.487413,11.605656,30.039278,0.441786,7.5,PSF-00232_20260303131907_1d0,0,0,0,76.059578,111.472328,0.317682,0.5,0.8,173.957993,1,43.33,42.88,22.47,24.37,24.37,101.94,95.6,-12.1,112.6,1369,3.837,13:17:15,3/3/26,-0.28,1,0.001,0.003,0.011,-0.78,2.944,-2.479,0,150,-9999,-9999,0.058905,0,0.02923,0,0,-0.000068,standard,0,mpf,7000,500,-9999,-9999,300,300,300,105.19767,25,-4.49538,104.093674,105.030861,-0.937187,2.473062,2.482649,1.167583,0.580887,0.301742,0.022117,0.151316,1.248335,76.059578,0.000634,2.40043,-0.000041,1,2.408421,-0.000039,1,0.60025,0.601702,0.107071,0,PSF-00232_20260303131907_1d0,PFA-00245,PSA-00257,PSF-00232,RHS-00222,3.0.0,2021-01-19T12:57:14.097Z
24,L,2,13:21:44,3/3/26,Manual gsw+F,LI-COR Default,,002,,,-0.030033,2.263806,-0.030436,-0.69135,1.151194,1.181657,3.414555,2.263361,11.593252,11.294384,33.500248,0.441786,7.5,PSF-00232_20260303132144_a77,0,0,0,69.634079,91.021156,0.234968,0.5,0.8,167.511017,1,39.87,40.93,23.39,26.2,26.2,101.93,101,-12.6,112.4,1782,3.829,13:17:15,3/3/26,-0.28,1,0,0.001,0.002,0.036,0.004,-0.147,0,150,-9999,-9999,0.058905,0,0.02923,0,0,-0.000068,standard,0,mpf,7000,500,-9999,-9999,300,300,300,88.010429,25,-2.051805,88.179588,88.081108,0.09848,2.469975,2.477331,1.206289,0.580017,0.290824,0.032895,0.170141,1.592899,69.634079,0.000619,2.40043,-0.000041,1,2.408421,-0.000039,1,0.60025,0.601702,0.107071,0,PSF-00232_20260303132144_a77,PFA-00245,PSA-00257,PSF-00232,RHS-00222,3.0.0,2021-01-19T12:57:14.097Z
25,L,3,13:24:49,3/3/26,Manual gsw+F,LI-COR Default,,003,,,-0.058229,2.095819,-0.059893,-1.582474,1.204354,1.281987,3.831334,2.62698,12.575462,11.813937,37.58292,0.441786,7.5,PSF-00232_20260303132449_596,0,0,0,73.806526,88.740128,0.168285,0.5,0.8,104.276718,1,37.88,40.33,25,28.16,28.16,101.94,90.7,-12.1,113.3,1549,3.823,13:17:15,3/3/26,-0.28,1,0.001,0.004,0.01,-0.249,-0.285,-0.753,0,150,-9999,-9999,0.058905,0,0.02923,0,0,-0.000068,standard,0,mpf,7000,500,-9999,-9999,300,300,300,86.277725,25,-1.687695,86.18045,86.321815,-0.141365,2.468736,2.474026,1.133109,0.580905,0.272761,0.037497,0.19063,1.39852,73.806526,0.000595,2.40043,-0.000041,1,2.408421,-0.000039,1,0.60025,0.601702,0.107071,0,PSF-00232_20260303132449_596,PFA-00245,PSA-00257,PSF-00232,RHS-00222,3.0.0,2021-01-19T12:57:14.097Z
26,L,4,13:28:32,3/3/26,Manual gsw+F,LI-COR Default,,004,,,-0.075844,2.230593,-0.078514,-2.026619,1.19391,1.285084,3.761117,2.567206,12.607016,11.712584,36.897572,0.441786,7.5,PSF-00232_20260303132832_eed,0,0,0,77.062729,94.272812,0.182556,0.5,0.8,145.686081,1,35.97,38.71,25.72,27.85,27.85,101.93,98.9,-12.4,112.6,1995,3.816,13:27:31,3/3/26,0.11,1,-0.001,0,0,-0.122,-0.063,-0.103,0,150,-9999,-9999,0.058905,0,0.02923,0,0,-0.000068,standard,0,mpf,7000,500,-9999,-9999,300,300,300,92.11528,25,-1.471859,92.274788,92.163773,0.111015,2.466201,2.470404,1.191101,0.580267,0.264967,0.025062,0.207786,1.770315,77.062729,0.0006,2.40043,-0.000041,1,2.408421,-0.000039,1,0.60025,0.601702,0.107071,0,PSF-00232_20260303132832_eed,PFA-00245,PSA-00257,PSF-00232,RHS-00222,3.0.0,2021-01-19T12:57:14.097Z
27,L,5,13:32:47,3/3/26,Manual gsw+F,LI-COR Default,,005,,,-0.088842,2.593487,-0.091993,-2.199954,1.144085,1.222694,3.52587,2.381786,11.995285,11.224081,34.590668,0.441786,7.5,PSF-00232_20260303133247_6bc,0,0,0,67.242981,98.543327,0.31763,0.5,0.8,168.555603,1,34.42,36.79,25.75,26.74,26.74,101.93,124.6,-10,108.1,1327,3.808,13:27:31,3/3/26,0.11,1,-0.001,-0.002,0.001,-0.211,-0.066,-0.073,0,150,-9999,-9999,0.058905,0,0.02923,0,0,-0.000068,standard,0,mpf,7000,500,-9999,-9999,300,300,300,93.978165,25,-3.118744,93.873741,94.074448,-0.200706,2.463338,2.468064,1.382872,0.58435,0.264742,0.011688,0.225267,1.213072,67.242981,0.000614,2.40043,-0.000041,1,2.408421,-0.000039,1,0.60025,0.601702,0.107071,0,PSF-00232_20260303133247_6bc,PFA-00245,PSA-00257,PSF-00232,RHS-00222,3.0.0,2021-01-19T12:57:14.097Z
,L,6,13:36:55,3/3/26,Manual gsw+F,LI-COR Default,,006,,,-0.239478,2.328121,-0.266936,-2.00939,1.143073,1.228081,1.898882,0.755809,12.048749,11.214732,18.630003,0.441786,7.5,PSF-00232_20260303133655_3d7,0,0,0,1.60861,1.687288,0.04663,0.5,0.8,32.255127,1,34.16,36.7,25.86,16.63,16.63,101.93,105.2,-12.9,112.3,1729,3.808,13:27:31,3/3/26,0.11,1,-9999,-9999,-9999,-9999,-9999,-9999,0,150,-9999,-9999,0.058905,0,0.02923,0,0,-0.000068,standard,0,mpf,7000,500,-9999,-9999,300,300,300,1.687288,25,-0.016933,1.623273,1.663025,-0.039752,2.463186,2.467644,1.23684,0.579389,0.263543,-0.102759,0.243359,1.548749,1.60861,0.000625,2.40043,-0.000041,1,2.408421,-0.000039,1,0.60025,0.601702,0.107071,0,PSF-00232_20260303133655_3d7,PFA-00245,PSA-00257,PSF-00232,RHS-00222,3.0.0,2021-01-19T12:57:14.097Z
28,L,7,13:38:04,3/3/26,Manual gsw+F,LI-COR Default,,007,,,-0.02195,2.428571,-0.02215,-0.597747,1.257528,1.28123,3.937868,2.68034,12.570817,12.338259,38.636471,0.441786,7.5,PSF-00232_20260303133804_28b,0,0,0,72.420357,89.575348,0.191515,0.5,0.8,151.158234,1,37.34,38.04,25.97,28.64,28.64,101.92,112.2,-12.1,110.8,1973,3.803,13:27:31,3/3/26,0.11,1,0,0.001,0,-0.042,0.003,0.002,0,150,-9999,-9999,0.058905,0,0.02923,0,0,-0.000068,standard,0,mpf,7000,500,-9999,-9999,300,300,300,86.879608,25,-1.848665,86.862442,86.926376,-0.063934,2.465157,2.472415,1.287924,0.580767,0.2624,0.031659,0.248624,1.752064,72.420357,0.000603,2.40043,-0.000041,1,2.408421,-0.000039,1,0.60025,0.601702,0.107071,0,PSF-00232_20260303133804_28b,PFA-00245,PSA-00257,PSF-00232,RHS-00222,3.0.0,2021-01-19T12:57:14.097Z
29,L,8,13:42:05,3/3/26,Manual gsw+F,LI-COR Default,,008,,,-0.042535,2.265079,-0.043349,-1.248656,1.149358,1.204329,4.010736,2.861378,11.816701,11.277337,39.352776,0.441786,7.5,PSF-00232_20260303134205_8af,0,0,0,60.612202,68.830696,0.119402,0.5,0.8,95.834076,1,34.26,35.9,25.9,28.95,28.95,101.92,101.1,-12.9,112.8,2007,3.79,13:41:05,3/3/26,0.21,1,0,0,0,0.086,-0.076,-0.028,0,150,-9999,-9999,0.058905,0,0.02923,0,0,-0.000068,standard,0,mpf,7000,500,-9999,-9999,300,300,300,67.782997,25,-0.711897,67.982193,67.810616,0.171577,2.461981,2.467638,1.206879,0.579461,0.263094,0.036283,0.26481,1.779872,60.612202,0.000604,2.40043,-0.000041,1,2.408421,-0.000039,1,0.60025,0.601702,0.107071,0,PSF-00232_20260303134205_8af,PFA-00245,PSA-00257,PSF-00232,RHS-00222,3.0.0,2021-01-19T12:57:14.097Z
30,L,9,13:49:58,3/3/26,Manual gsw+F,LI-COR Default,,009,,,-0.021791,2.112623,-0.022018,-0.514784,1.147771,1.172751,3.475787,2.328016,11.510621,11.265443,34.115059,0.441786,7.5,PSF-00232_20260303134958_9f2,0,0,0,77.764038,132.143982,0.41152,0.5,0.8,281.029602,1,34.57,35.32,25.73,26.5,26.5,101.88,91.7,-12.4,113.6,1707,3.783,13:41:05,3/3/26,0.21,1,0,0.002,0.003,-1.754,-6.576,-22.162,0,150,-9999,-9999,0.058905,0,0.02923,0,0,-0.000068,standard,0,mpf,7000,500,-9999,-9999,300,300,300,123.367668,25,-6.161311,122.169617,123.315384,-1.145767,2.461154,2.468144,1.140044,0.580236,0.264944,0.009047,0.293258,1.530367,79.02002,0.000603,2.40043,-0.000041,1,2.408421,-0.000039,1,0.60025,0.601702,0.107071,0,PSF-00232_20260303134958_9f2,PFA-00245,PSA-00257,PSF-00232,RHS-00222,3.0.0,2021-01-19T12:57:14.097Z
31,L,10,13:54:13,3/3/26,Manual gsw+F,LI-COR Default,,010,,,0.001508,2.503137,0.001507,0.029886,1.176298,1.175168,3.154382,1.978083,11.534284,11.545382,30.960291,0.441786,7.5,PSF-00232_20260303135413_313,0,0,0,101.088165,377.75116,0.732395,0.5,0.8,83.392868,1,36.1,36.06,25.41,24.87,24.87,101.88,117.6,-11.9,110.1,285,3.773,13:53:52,3/3/26,0.18,1,-0.002,-0.003,-0.008,-3.291,-0.583,-7.102,0,150,-9999,-9999,0.058905,0,0.02923,0,0,-0.000068,standard,0,mpf,7000,500,-9999,-9999,300,300,300,369.096283,25,-5.735079,369.517914,369.533325,-0.015411,2.462327,2.470573,1.328933,0.581212,0.26829,-0.006358,0.309105,0.344382,101.088165,0.000628,2.40043,-0.000041,1,2.408421,-0.000039,1,0.60025,0.601702,0.107071,0,PSF-00232_20260303135413_313,PFA-00245,PSA-00257,PSF-00232,RHS-00222,3.0.0,2021-01-19T12:57:14.097Z
32,L,11,14:00:54,3/3/26,Manual gsw+F,LI-COR Default,,011,,,0.004139,2.691494,0.004132,0.103696,1.161386,1.157915,3.6574,2.496013,11.366061,11.400141,35.900944,0.441786,7.5,PSF-00232_20260303140054_44a,0,0,0,135.56778,164.542786,0.176094,0.5,0.8,122.650589,1,36.27,36.16,25.12,27.37,27.37,101.87,132.9,-8.2,106.2,1741,3.744,13:53:52,3/3/26,0.18,1,-0.001,-0.002,-0.003,-0.301,-0.048,1.48,0,150,-9999,-9999,0.058905,0,0.02923,0,0,-0.000068,standard,0,mpf,7000,500,-9999,-9999,300,300,300,160.785202,25,-2.548319,160.858154,160.891281,-0.033127,2.462532,2.470889,1.44791,0.587437,0.271451,0.026519,0.331901,1.558712,135.56778,0.000598,2.40043,-0.000041,1,2.408421,-0.000039,1,0.60025,0.601702,0.107071,0,PSF-00232_20260303140054_44a,PFA-00245,PSA-00257,PSF-00232,RHS-00222,3.0.0,2021-01-19T12:57:14.097Z
33,L,12,14:17:51,3/3/26,Manual gsw+F,LI-COR Default,,012,,,-0.028207,2.45332,-0.028535,-0.889223,1.183494,1.218215,4.27308,3.089586,11.958142,11.617319,41.945061,0.441786,7.5,PSF-00232_20260303141751_e40,0,0,0,68.282959,89.548096,0.237472,0.5,0.8,189.464798,1,33.21,34.19,26.93,30.05,30.05,101.87,113.9,-11.7,110.3,1995,3.736,14:16:20,3/3/26,0.22,1,0,0.002,0.002,0.103,0.089,0.035,0,150,-9999,-9999,0.058905,0,0.02923,0,0,-0.000068,standard,0,mpf,7000,500,-9999,-9999,300,300,300,83.951355,25,-3.85558,83.320854,84.023399,-0.702545,2.459213,2.465843,1.301219,0.581469,0.252606,0.03746,0.377941,1.769913,68.282959,0.000592,2.40043,-0.000041,1,2.408421,-0.000039,1,0.60025,0.601702,0.107071,0,PSF-00232_20260303141751_e40,PFA-00245,PSA-00257,PSF-00232,RHS-00222,3.0.0,2021-01-19T12:57:14.097Z
34,L,13,14:22:27,3/3/26,Manual gsw+F,LI-COR Default,,013,,,-0.045751,2.464318,-0.046617,-1.414274,1.126588,1.181457,4.137354,3.010766,11.597518,11.058916,40.613457,0.441786,7.5,PSF-00232_20260303142227_b9a,0,0,0,86.279152,112.332993,0.231934,0.5,0.8,180.324768,1,30.86,32.36,27.34,29.49,29.49,101.87,114.7,-8.4,107.4,1944,3.731,14:16:20,3/3/26,0.22,1,0,0,0,-0.111,-0.265,-0.232,0,150,-9999,-9999,0.058905,0,0.02923,0,0,-0.000068,standard,0,mpf,7000,500,-9999,-9999,300,300,300,106.871727,25,-3.739954,106.555222,106.973976,-0.418755,2.456385,2.462168,1.307225,0.587083,0.248516,0.025669,0.389603,1.727482,86.279152,0.000583,2.40043,-0.000041,1,2.408421,-0.000039,1,0.60025,0.601702,0.107071,0,PSF-00232_20260303142227_b9a,PFA-00245,PSA-00257,PSF-00232,RHS-00222,3.0.0,2021-01-19T12:57:14.097Z
35,L,14,14:25:47,3/3/26,Manual gsw+F,LI-COR Default,,014,,,-0.054533,2.612355,-0.055696,-1.583401,1.116062,1.171929,3.940056,2.823994,11.505068,10.956606,38.680328,0.441786,7.5,PSF-00232_20260303142547_ed5,0,0,0,74.287178,99.984818,0.257015,0.5,0.8,208.533646,1,30.27,31.79,27.5,28.65,28.65,101.86,126.1,-10.8,108.6,2028,3.727,14:16:20,3/3/26,0.22,1,-0.002,-0.003,-0.003,-0.136,-0.053,-0.035,0,150,-9999,-9999,0.058905,0,0.02923,0,0,-0.000068,standard,0,mpf,7000,500,-9999,-9999,300,300,300,95.029953,25,-3.350904,95.324997,95.183281,0.141716,2.455482,2.461234,1.394813,0.583059,0.246868,0.013436,0.396133,1.798101,74.287178,0.000609,2.40043,-0.000041,1,2.408421,-0.000039,1,0.60025,0.601702,0.107071,0,PSF-00232_20260303142547_ed5,PFA-00245,PSA-00257,PSF-00232,RHS-00222,3.0.0,2021-01-19T12:57:14.097Z
36,L,15,14:28:05,3/3/26,Manual gsw+F,LI-COR Default,,015,,,-0.031172,2.500034,-0.031566,-0.984189,1.171829,1.209137,4.263313,3.091484,11.869383,11.503153,41.850426,0.441786,7.5,PSF-00232_20260303142805_a56,0,0,0,71.671127,92.513412,0.225289,0.5,0.8,179.48407,1,31.17,32.17,27.84,30.01,30.01,101.87,117.4,-11.9,110.1,1992,3.711,14:27:42,3/3/26,0.24,1,-0.001,-0.001,0.005,-0.011,0.076,0.141,0,150,-9999,-9999,0.058905,0,0.02923,0,0,-0.000068,standard,0,mpf,7000,500,-9999,-9999,300,300,300,88.638428,25,-2.636286,88.467834,88.735855,-0.268021,2.455992,2.462527,1.327168,0.581174,0.24362,0.025986,0.403058,1.767497,71.671127,0.00059,2.40043,-0.000041,1,2.408421,-0.000039,1,0.60025,0.601702,0.107071,0,PSF-00232_20260303142805_a56,PFA-00245,PSA-00257,PSF-00232,RHS-00222,3.0.0,2021-01-19T12:57:14.097Z
37,L,1,15:15:04,3/3/26,Manual gsw+F,LI-COR Default,,001,,,-0.039468,2.468287,-0.040109,-1.270249,1.133828,1.182961,4.27316,3.139332,11.616877,11.134378,41.96315,0.441786,7.5,PSF-00232_20260303151504_407,0,0,0,83.588722,101.794037,0.178845,0.5,0.8,142.519867,1,31.78,33.15,26.95,30.05,30.05,101.83,115,-9.8,108.6,1992,3.705,15:14:38,3/3/26,0.26,1,0.001,0.002,0.002,-0.049,0.034,-0.145,0,150,-9999,-9999,0.058905,0,0.02923,0,0,-0.000068,standard,0,mpf,7000,500,-9999,-9999,300,300,300,99.248886,25,-1.719435,99.721313,99.330246,0.391068,2.457653,2.463577,1.309408,0.584674,0.252387,0.037202,0.187995,1.767934,83.67276,0.000603,2.40043,-0.000041,1,2.408421,-0.000039,1,0.60025,0.601702,0.107071,0,PSF-00232_20260303151504_407,PFA-00245,PSA-00257,PSF-00232,RHS-00222,3.0.0,2021-01-19T12:57:14.097Z
38,L,2,15:19:15,3/3/26,Manual gsw+F,LI-COR Default,,002,,,-0.033966,2.893667,-0.03437,-1.022426,1.147846,1.177506,4.098782,2.950935,11.56444,11.273151,40.254677,0.441786,7.5,PSF-00232_20260303151915_19a,0,0,0,57.668209,69.182487,0.166433,0.5,0.8,124.510597,1,31.38,32.2,27.37,29.33,29.33,101.82,153.3,-12,107.8,1870,3.702,15:14:38,3/3/26,0.26,1,0.003,0.004,-0.002,-0.062,-0.045,0.148,0,150,-9999,-9999,0.058905,0,0.02923,0,0,-0.000068,standard,0,mpf,7000,500,-9999,-9999,300,300,300,67.280891,25,-1.294111,67.349197,67.328148,0.021049,2.456123,2.4629,1.614795,0.581039,0.248199,0.023309,0.212847,1.666265,57.668209,0.0006,2.40043,-0.000041,1,2.408421,-0.000039,1,0.60025,0.601702,0.107071,0,PSF-00232_20260303151915_19a,PFA-00245,PSA-00257,PSF-00232,RHS-00222,3.0.0,2021-01-19T12:57:14.097Z
39,L,3,15:21:20,3/3/26,Manual gsw+F,LI-COR Default,,003,,,-0.007761,2.512519,-0.007785,-0.250129,1.178184,1.187585,4.360601,3.182418,11.663203,11.570871,42.825203,0.441786,7.5,PSF-00232_20260303152120_b57,0,0,0,89.318634,110.950691,0.19497,0.5,0.8,145.93483,1,31.75,32.01,27.61,30.41,30.41,101.82,118.3,-8.7,107.4,1871,3.698,15:14:38,3/3/26,0.26,1,-0.001,0.001,0.012,-0.346,-0.493,-1.963,0,150,-9999,-9999,0.058905,0,0.02923,0,0,-0.000068,standard,0,mpf,7000,500,-9999,-9999,300,300,300,106.82666,25,-2.832171,106.500153,106.892448,-0.392296,2.455793,2.463424,1.334304,0.58661,0.24579,0.033505,0.223862,1.667074,89.49852,0.000596,2.40043,-0.000041,1,2.408421,-0.000039,1,0.60025,0.601702,0.107071,0,PSF-00232_20260303152120_b57,PFA-00245,PSA-00257,PSF-00232,RHS-00222,3.0.0,2021-01-19T12:57:14.097Z
40,L,4,15:23:26,3/3/26,Manual gsw+F,LI-COR Default,,004,,,-0.041843,2.686367,-0.042505,-1.576298,1.114902,1.167853,4.781439,3.666537,11.470257,10.950191,46.961681,0.441786,7.5,PSF-00232_20260303152326_116,0,0,0,79.557892,101.321938,0.214801,0.5,0.8,169.676529,1,29.01,30.38,28.22,32.02,32.02,101.82,132.4,-11.5,108.7,1975,3.694,15:14:38,3/3/26,0.26,1,0,0,0.001,-0.132,-0.331,-1.303,0,150,-9999,-9999,0.058905,0,0.02923,0,0,-0.000068,standard,0,mpf,7000,500,-9999,-9999,300,300,300,96.16935,25,-3.555858,95.589996,96.226715,-0.636719,2.453213,2.459081,1.444309,0.581838,0.239968,0.046252,0.23478,1.753413,79.557892,0.000588,2.40043,-0.000041,1,2.408421,-0.000039,1,0.60025,0.601702,0.107071,0,PSF-00232_20260303152326_116,PFA-00245,PSA-00257,PSF-00232,RHS-00222,3.0.0,2021-01-19T12:57:14.097Z
41,L,5,15:26:50,3/3/26,Manual gsw+F,LI-COR Default,,005,,,-0.058811,2.569987,-0.060189,-2.076197,1.017496,1.092813,4.434926,3.417429,10.735188,9.99532,43.566261,0.441786,7.5,PSF-00232_20260303152650_b80,0,0,0,86.280228,104.129562,0.171415,0.5,0.8,133.686264,1,25.04,26.89,29.18,30.7,30.7,101.8,122.7,-9,107.3,1950,3.692,15:26:26,3/3/26,0.31,1,-0.001,-0.001,-0.001,-0.068,-0.199,-0.559,0,150,-9999,-9999,0.058905,0,0.02923,0,0,-0.000068,standard,0,mpf,7000,500,-9999,-9999,300,300,300,101.698997,25,-1.637817,102.151749,101.782722,0.369026,2.447663,2.452619,1.368344,0.586184,0.231015,0.018165,0.250982,1.732519,86.280228,0.000613,2.40043,-0.000041,1,2.408421,-0.000039,1,0.60025,0.601702,0.107071,0,PSF-00232_20260303152650_b80,PFA-00245,PSA-00257,PSF-00232,RHS-00222,3.0.0,2021-01-19T12:57:14.097Z
42,L,6,15:28:44,3/3/26,Manual gsw+F,LI-COR Default,,006,,,-0.043349,2.529696,-0.044105,-1.550051,1.079438,1.137105,4.557999,3.47856,11.170405,10.603912,44.775703,0.441786,7.5,PSF-00232_20260303152844_544,0,0,0,76.794144,101.247025,0.241517,0.5,0.8,177.615646,1,26.13,27.53,29.46,31.18,31.18,101.8,119.6,-9.4,107.9,1839,3.689,15:26:26,3/3/26,0.31,1,0.004,0.01,0.013,-0.1,-0.04,-0.55,0,150,-9999,-9999,0.058905,0,0.02923,0,0,-0.000068,standard,0,mpf,7000,500,-9999,-9999,300,300,300,95.002052,25,-4.4056,93.804718,94.934204,-1.129486,2.448606,2.454311,1.344268,0.58537,0.228439,0.02061,0.259242,1.639809,76.794144,0.000616,2.40043,-0.000041,1,2.408421,-0.000039,1,0.60025,0.601702,0.107071,0,PSF-00232_20260303152844_544,PFA-00245,PSA-00257,PSF-00232,RHS-00222,3.0.0,2021-01-19T12:57:14.097Z
43,L,7,15:30:20,3/3/26,Manual gsw+F,LI-COR Default,,007,,,0.001749,2.543059,0.001747,0.062308,1.181222,1.178926,4.706244,3.525022,11.580467,11.603022,46.228931,0.441786,7.5,PSF-00232_20260303153020_1b7,0,0,0,126.330612,155.444778,0.187296,0.5,0.8,138.147675,1,28.19,28.14,29.71,31.74,31.74,101.8,120.6,5.4,95.5,1844,3.687,15:26:26,3/3/26,0.31,1,0.004,0.008,0.014,-0.384,-0.935,-2.294,0,150,-9999,-9999,0.058905,0,0.02923,0,0,-0.000068,standard,0,mpf,7000,500,-9999,-9999,300,300,300,150.830627,25,-3.155926,150.817749,150.922623,-0.104874,2.449513,2.457505,1.352142,0.611276,0.226232,0.024574,0.266369,1.644339,126.330612,0.000605,2.40043,-0.000041,1,2.408421,-0.000039,1,0.60025,0.601702,0.107071,0,PSF-00232_20260303153020_1b7,PFA-00245,PSA-00257,PSF-00232,RHS-00222,3.0.0,2021-01-19T12:57:14.097Z
44,L,8,15:31:51,3/3/26,Manual gsw+F,LI-COR Default,,008,,,-0.043458,2.526154,-0.044218,-1.610382,1.079622,1.139673,4.682285,3.602663,11.194805,10.604929,45.993248,0.441786,7.5,PSF-00232_20260303153151_1c3,0,0,0,75.760246,94.826622,0.201066,0.5,0.8,156.291718,1,25.37,26.78,29.98,31.65,31.65,101.8,119.3,-11.6,109.7,1943,3.685,15:26:26,3/3/26,0.31,1,-0.003,-0.005,-0.002,-0.368,-1.425,-4.7,0,150,-9999,-9999,0.058905,0,0.02923,0,0,-0.000068,standard,0,mpf,7000,500,-9999,-9999,300,300,300,89.95414,25,-3.39262,89.242813,89.965309,-0.722496,2.447372,2.453036,1.3422,0.581663,0.223844,0.020165,0.272811,1.727136,75.760246,0.000631,2.40043,-0.000041,1,2.408421,-0.000039,1,0.60025,0.601702,0.107071,0,PSF-00232_20260303153151_1c3,PFA-00245,PSA-00257,PSF-00232,RHS-00222,3.0.0,2021-01-19T12:57:14.097Z