,,,,SYS,SYS,SYS,SYS,SYS,USERDEF,USERDEF,USERDEF,USERDEF,PORO,PORO,PORO,PORO,PORO,PORO,PORO,PORO,PORO,PORO,PORO,PORO,FLUORO,FLUORO,FLUORO,FLUORO,FLUORO,FLUORO,FLUORO,FLUORO,FLUORO,FLUORO,SENSOR,SENSOR,SENSOR,SENSOR,SENSOR,SENSOR,SENSOR,SENSOR,SENSOR,SENSOR,MATCH,MATCH,MATCH,STABILITY,STABILITY,STABILITY,STABILITY,STABILITY,STABILITY,P_CONFIG,P_CONFIG,P_CONFIG,P_CONFIG,FL_CONFIG,FL_CONFIG,FL_CONFIG,FL_CONFIG,FL_CONFIG,FL_CONFIG,FL_CONFIG,FL_CONFIG,FL_CONFIG,FL_CONFIG,FL_CONFIG,FL_CONFIG,FL_CONFIG,FL_CONFIG,FL_CONFIG,SENSOR_V,SENSOR_V,SENSOR_V,SENSOR_V,SENSOR_V,SENSOR_V,SENSOR_V,SENSOR_V,SENSOR_V,SENSOR_V,USERCAL,USERCAL,USERCAL,USERCAL,USERCAL,USERCAL,USERCAL,USERCAL,USERCAL,USERCAL,META,META,META,META,META,META,META
LightDark,Site,TreeID,Hour,Obs#,Time,Date,configName,configAuthor,remark,Observation,,,gsw,gbw,gtw,E_apparent,VPcham,VPref,VPleaf,VPDleaf,H2O_r,H2O_s,H2O_leaf,leaf_area,flashID,Fo,Fm,Fv/Fm,Fs,Fm',PhiPS2,PS2/1,abs,ETR,rh_s,rh_r,Tref,Tleaf,P_atm,flow,flow_s,leak_pct,Qamb,batt,match_time,match_date,rh_adj,gsw1sec,gsw2sec,gsw4sec,flr1sec,flr2sec,flr4sec,auto,flow_set,gsw_limit,gsw_period,dark,flash_type,flash_intensity,modrate,flr_limit,flr_period,P1_dur,P2_dur,P3_dur,P1_Fmax,P2_ramp,P2_slp,P3_Fmax,P3_Pred,P3_DeltaF,v_humA,v_humB,v_flowIn,v_flowOut,v_temp,v_irt,v_pres,v_par,v_F,i_LED,b_rhr,m_rhr,span_rhr,b_rhs,m_rhs,span_rhs,z_flowIn,z_flowOut,z_quantum,z_flr,flashId,lciSerNum,lcpSerNum,lcfSerNum,lcrhSerNum,version,configUpdatedAt
,,,,,HHMMSS,YYYYMMDD,,,,,,,mol+1m-2s-1,mol+1m-2s-1,mol+1m-2s-1,mmol+1m-2s-1,kPa,kPa,kPa,kPa,mmol+1mol-1,mmol+1mol-1,mmol+1mol-1,cm+2,,,,,,,,,,umol+1m-2s-1,%,%,C,C,kPa,umol+1sec-1,umol+1sec-1,%,umol+1m-2s-1,V,HHMMSS,YYYYMMDD,%,,,,,,,,umol+1sec-1,(umol+1m-2s-1)s-1,s,,,umol+1m-2s-1,Hz,s-1,s,ms,ms,ms,,%,,,,,V,V,V,V,V,V,V,V,V,A,,,,,,,,,,,,,,,,,
L,Garcia,G,,1,11:06:41,6/11/23,Manual gsw+F,LI-COR Default,,1,,,0.137716,1.992107,0.128811,1.447366,1.505196,1.432987,2.5746,1.069404,14.740578,15.483367,26.483912,0.441786,PSF-00232_20230611110641,0,0,0,134.957306,458.347565,0.705557,0.5,0.8,20.670986,55.43,52.77,22.38,21.51,97.21,84.8,-13.8,116.2,73,3.668,11:06:24,6/11/23,0.16,0.001,0.006,0.015,0.345,0.544,1.926,0,150,-9999,-9999,0,mpf,7000,500,-9999,-9999,300,300,300,457.875244,25,-0.431673,456.386078,457.729004,-1.342926,2.487341,2.499518,1.091976,0.57801,0.302859,-0.009536,0.052414,0.168132,135.071747,0.000647,2.40043,-0.000041,1,2.408421,-0.000039,1,0.60025,0.601702,0.107071,0,PSF-00232_20230611110641,PFA-00245,PSA-00257,PSF-00232,RHS-00222,2.0.0,2021-01-19T12:57:14.097Z
L,Garcia,G,,2,11:06:59,6/11/23,Manual gsw+F,LI-COR Default,,2,,,0.017013,1.916911,0.016864,0.213586,1.443982,1.432769,2.649315,1.205332,14.738298,14.853647,27.252398,0.441786,PSF-00232_20230611110659,0,0,0,117.191788,346.182312,0.661474,0.5,0.8,62.04071,53.09,52.67,22.41,21.97,97.21,80.6,-13.8,117.1,234,3.667,11:06:24,6/11/23,0.16,-0.003,-0.002,-9999,1.856,0.778,-9999,0,150,-9999,-9999,0,mpf,7000,500,-9999,-9999,300,300,300,341.385834,25,-3.295585,340.993164,341.460052,-0.466888,2.487194,2.496164,1.063803,0.577984,0.302517,-0.004588,0.054389,0.302549,117.191788,0.000628,2.40043,-0.000041,1,2.408421,-0.000039,1,0.60025,0.601702,0.107071,0,PSF-00232_20230611110659,PFA-00245,PSA-00257,PSF-00232,RHS-00222,2.0.0,2021-01-19T12:57:14.097Z
L,Garcia,G,,3,11:07:21,6/11/23,Manual gsw+F,LI-COR Default,,3,,,-0.002425,1.868354,-0.002429,-0.035221,1.447388,1.449299,2.826163,1.378775,14.909101,14.889441,29.073059,0.441786,PSF-00232_20230611110721,0,0,0,315.368042,384.054535,0.178846,0.5,0.8,23.801586,53.12,53.19,22.44,23.04,97.21,78,-14,118,333,3.666,11:06:24,6/11/23,0.16,-0.002,-0.001,0.004,-7.32,-6.264,-12.919,0,150,-9999,-9999,0,mpf,7000,500,-9999,-9999,300,300,300,376.129395,25,-8.314232,367.821686,372.140991,-4.319305,2.487913,2.496198,1.046281,0.577595,0.302158,0.007154,0.056733,0.384442,315.368042,0.000639,2.40043,-0.000041,1,2.408421,-0.000039,1,0.60025,0.601702,0.107071,0,PSF-00232_20230611110721,PFA-00245,PSA-00257,PSF-00232,RHS-00222,2.0.0,2021-01-19T12:57:14.097Z
L,Garcia,G,,4,11:07:43,6/11/23,Manual gsw+F,LI-COR Default,,4,,,-0.016178,1.833591,-0.016322,-0.233706,1.452895,1.465882,2.814131,1.361236,15.08117,14.947557,28.952118,0.441786,PSF-00232_20230611110743,0,0,0,98.61982,216.111847,0.543663,0.5,0.8,351.130066,53.18,53.66,22.48,22.97,97.2,76.1,-10.3,113.5,1615,3.665,11:06:24,6/11/23,0.16,-0.002,-0.004,-0.008,-0.78,0.056,1.032,0,150,-9999,-9999,0,mpf,7000,500,-9999,-9999,300,300,300,214.564209,25,-0.948592,216.123108,214.752609,1.370499,2.488571,2.496283,1.03404,0.583956,0.301651,0.005867,0.059022,1.453156,98.61982,0.000643,2.40043,-0.000041,1,2.408421,-0.000039,1,0.60025,0.601702,0.107071,0,PSF-00232_20230611110743,PFA-00245,PSA-00257,PSF-00232,RHS-00222,2.0.0,2021-01-19T12:57:14.097Z
L,Garcia,G,,5,11:07:55,6/11/23,Manual gsw+F,LI-COR Default,,5,,,-0.009976,1.828928,-0.010031,-0.138156,1.46022,1.467921,2.76983,1.30961,15.102498,15.023263,28.496994,0.441786,PSF-00232_20230611110755,0,0,0,126.027702,282.103912,0.553258,0.5,0.8,371.276062,53.36,53.64,22.51,22.71,97.2,75.9,-13.9,118.3,1678,3.665,11:06:24,6/11/23,0.16,-0.001,0,-9999,-1.73,6.776,-9999,0,150,-9999,-9999,0,mpf,7000,500,-9999,-9999,300,300,300,278.733368,25,-2.285326,278.651123,278.829254,-0.178131,2.488545,2.496534,1.032417,0.577788,0.301325,0.002571,0.060228,1.505704,126.027702,0.000647,2.40043,-0.000041,1,2.408421,-0.000039,1,0.60025,0.601702,0.107071,0,PSF-00232_20230611110755,PFA-00245,PSA-00257,PSF-00232,RHS-00222,2.0.0,2021-01-19T12:57:14.097Z
L,Garcia,G,,6,11:08:10,6/11/23,Manual gsw+F,LI-COR Default,,6,,,-0.03114,1.823082,-0.031681,-0.566459,1.427664,1.459379,3.124816,1.697152,15.015117,14.688808,32.150295,0.441786,PSF-00232_20230611110810,0,0,0,140.392899,168.756134,0.168072,0.5,0.8,119.184654,52.04,53.2,22.55,24.71,97.19,75.6,-12.1,116,1773,3.663,11:06:24,6/11/23,0.16,0,-0.001,-9999,0.364,-4.699,-9999,0,150,-9999,-9999,0,mpf,7000,500,-9999,-9999,300,300,300,163.636917,25,-4.130817,161.660675,162.837051,-1.176376,2.487905,2.494635,1.030388,0.580875,0.300833,0.025181,0.061777,1.585017,140.392899,0.000614,2.40043,-0.000041,1,2.408421,-0.000039,1,0.60025,0.601702,0.107071,0,PSF-00232_20230611110810,PFA-00245,PSA-00257,PSF-00232,RHS-00222,2.0.0,2021-01-19T12:57:14.097Z
L,Garcia,G,,7,11:08:44,6/11/23,Manual gsw+F,LI-COR Default,,7,,,-0.057437,1.815383,-0.059314,-1.022912,1.394039,1.451638,3.032025,1.637986,14.935699,14.343074,31.196083,0.441786,PSF-00232_20230611110844,0,0,0,104.31218,138.680023,0.247821,0.5,0.8,172.107452,50.48,52.56,22.66,24.2,97.19,75.2,-12.3,116.4,1736,3.661,11:06:24,6/11/23,0.16,0.001,0.001,-0.001,1.698,4.959,2.308,0,150,-9999,-9999,0,mpf,7000,500,-9999,-9999,300,300,300,136.705048,25,-1.322224,137.064819,136.7854,0.279419,2.486974,2.492358,1.027726,0.580418,0.299508,0.018051,0.065267,1.554495,104.31218,0.000623,2.40043,-0.000041,1,2.408421,-0.000039,1,0.60025,0.601702,0.107071,0,PSF-00232_20230611110844,PFA-00245,PSA-00257,PSF-00232,RHS-00222,2.0.0,2021-01-19T12:57:14.097Z
L,Garcia,G,,8,11:09:04,6/11/23,Manual gsw+F,LI-COR Default,,8,,,-0.047167,1.800759,-0.048436,-0.97986,1.399785,1.455518,3.318123,1.918338,14.976818,14.403337,34.142422,0.441786,PSF-00232_20230611110904,0,0,0,136.875275,204.52832,0.330776,0.5,0.8,241.154129,50.51,52.53,22.71,25.72,97.18,74.4,-1,101.4,1823,3.661,11:06:24,6/11/23,0.16,-0.001,0,-9999,-7.951,-12.071,-9999,0,150,-9999,-9999,0,mpf,7000,500,-9999,-9999,300,300,300,203.446991,25,-0.745451,203.449493,203.460159,-0.010666,2.486904,2.492395,1.022702,0.599882,0.298833,0.035081,0.067166,1.626552,136.875275,0.000629,2.40043,-0.000041,1,2.408421,-0.000039,1,0.60025,0.601702,0.107071,0,PSF-00232_20230611110904,PFA-00245,PSA-00257,PSF-00232,RHS-00222,2.0.0,2021-01-19T12:57:14.097Z
L,Garcia,G,,9,11:09:24,6/11/23,Manual gsw+F,LI-COR Default,,9,,,-0.066938,1.814545,-0.069502,-1.178799,1.385261,1.451669,2.996243,1.610982,14.93879,14.255392,30.833632,0.441786,PSF-00232_20230611110924,0,0,0,243.209839,300.554718,0.190797,0.5,0.8,136.323624,49.8,52.19,22.77,24.01,97.17,75.1,-14,118.6,1786,3.638,11:06:24,6/11/23,0.16,0.002,0.002,-9999,-8.684,-13.765,-9999,0,150,-9999,-9999,0,mpf,7000,500,-9999,-9999,300,300,300,290.290466,25,-9.039733,284.318451,287.601593,-3.283142,2.48641,2.491354,1.027437,0.577587,0.298092,0.014396,0.069109,1.596207,243.209839,0.000648,2.40043,-0.000041,1,2.408421,-0.000039,1,0.60025,0.601702,0.107071,0,PSF-00232_20230611110924,PFA-00245,PSA-00257,PSF-00232,RHS-00222,2.0.0,2021-01-19T12:57:14.097Z
D,Garcia,G,,10,11:30:21,6/11/23,Manual gsw+F,LI-COR Default,,10,,,-0.144585,1.526729,-0.15971,-4.983066,1.568735,1.915314,4.507603,2.938868,19.698645,16.13414,46.359848,0.441786,PSF-00232_20230611113021,0,0,0,99.510315,376.093872,0.735411,0.5,0.8,0.988551,30.24,36.92,33.47,30.99,97.23,60.8,-13.1,121.5,3,3.637,11:29:45,6/11/23,0.48,0.001,-0.001,0.002,0.221,0.444,0.505,0,150,-9999,-9999,0,mpf,7000,500,-9999,-9999,300,300,300,363.44397,25,-8.6661,360.966339,363.676147,-2.709808,2.46199,2.459782,0.935539,0.579144,0.195157,-0.031331,0.17789,0.109873,99.510315,0.000661,2.40043,-0.000041,1,2.408421,-0.000039,1,0.60025,0.601702,0.107071,0,PSF-00232_20230611113021,PFA-00245,PSA-00257,PSF-00232,RHS-00222,2.0.0,2021-01-19T12:57:14.097Z
D,Garcia,G,,11,11:31:06,6/11/23,Manual gsw+F,LI-COR Default,,11,,,-0.127344,1.568045,-0.1386,-4.517257,1.601948,1.906116,4.668677,3.066728,19.604294,16.475952,48.017082,0.441786,PSF-00232_20230611113106,0,0,0,172.314758,399.204193,0.568354,0.5,0.8,8.899725,31.13,37.04,33.33,31.6,97.23,62.7,-13.5,121.6,39,3.637,11:29:45,6/11/23,0.48,0.002,0.001,-9999,2.506,5.102,-9999,0,150,-9999,-9999,0,mpf,7000,500,-9999,-9999,300,300,300,395.194183,25,-2.484838,394.928101,395.643646,-0.715546,2.46219,2.461153,0.947901,0.578401,0.196249,-0.02197,0.180643,0.139707,172.314758,0.00066,2.40043,-0.000041,1,2.408421,-0.000039,1,0.60025,0.601702,0.107071,0,PSF-00232_20230611113106,PFA-00245,PSA-00257,PSF-00232,RHS-00222,2.0.0,2021-01-19T12:57:14.097Z
D,Garcia,G,,12,11:31:54,6/11/23,Manual gsw+F,LI-COR Default,,12,,,-0.128058,1.621188,-0.13904,-4.019399,1.626793,1.886611,4.350492,2.723699,19.408033,16.735214,44.754578,0.441786,PSF-00232_20230611113154,0,0,0,129.35936,500.995209,0.741795,0.5,0.8,3.327233,31.91,37.01,33.16,30.36,97.21,65.3,-12.7,119.5,11,3.636,11:29:45,6/11/23,0.48,0.001,0.001,0.007,0.325,0.662,0.531,0,150,-9999,-9999,0,mpf,7000,500,-9999,-9999,300,300,300,496.055603,25,-3.732698,494.022858,495.646606,-1.623749,2.46218,2.462366,0.964184,0.579764,0.19755,-0.034985,0.183512,0.116419,129.35936,0.000641,2.40043,-0.000041,1,2.408421,-0.000039,1,0.60025,0.601702,0.107071,0,PSF-00232_20230611113154,PFA-00245,PSA-00257,PSF-00232,RHS-00222,2.0.0,2021-01-19T12:57:14.097Z
L,Garcia,E,,1,11:50:46,6/11/23,Manual gsw+F,LI-COR Default,,1,,,-0.117665,2.065253,-0.124774,-3.599713,1.695911,1.866545,4.40963,2.713719,19.219694,17.462694,45.405689,0.441786,PSF-00232_20230611115046,0,0,0,140.476227,495.219421,0.716335,0.5,0.8,11.342547,30.42,33.49,34.76,30.6,97.12,88.9,-11.2,112.6,40,3.639,11:50:29,6/11/23,0.45,0.004,0.009,0.02,0.455,0.931,2.545,0,150,-9999,-9999,0,mpf,7000,500,-9999,-9999,300,300,300,482.407104,25,-9.271893,479.436981,481.933655,-2.496674,2.456717,2.459908,1.120694,0.582382,0.185602,-0.052289,0.158585,0.140072,140.476227,0.000636,2.40043,-0.000041,1,2.408421,-0.000039,1,0.60025,0.601702,0.107071,0,PSF-00232_20230611115046,PFA-00245,PSA-00257,PSF-00232,RHS-00222,2.0.0,2021-01-19T12:57:14.097Z
L,Garcia,E,,2,11:51:08,6/11/23,Manual gsw+F,LI-COR Default,,2,,,-0.108893,1.930243,-0.115403,-4.469858,1.635568,1.867444,5.263646,3.628078,19.228262,16.840736,54.197479,0.441786,PSF-00232_20230611115108,0,0,0,98.31691,148.884506,0.339643,0.5,0.8,10.871664,29.46,33.64,34.69,33.73,97.12,81.3,-13.1,116.1,80,3.639,11:50:29,6/11/23,0.45,0.001,0.003,-9999,-3.454,2.875,-9999,0,150,-9999,-9999,0,mpf,7000,500,-9999,-9999,300,300,300,142.272949,25,-4.725727,140.635376,142.112976,-1.4776,2.456959,2.458461,1.068704,0.579135,0.186141,-0.012596,0.160697,0.173784,99.220993,0.000654,2.40043,-0.000041,1,2.408421,-0.000039,1,0.60025,0.601702,0.107071,0,PSF-00232_20230611115108,PFA-00245,PSA-00257,PSF-00232,RHS-00222,2.0.0,2021-01-19T12:57:14.097Z
L,Garcia,E,,3,11:51:25,6/11/23,Manual gsw+F,LI-COR Default,,3,,,-0.117888,1.863667,-0.125849,-4.723397,1.603531,1.859997,5.122416,3.518886,19.151733,16.510992,52.74371,0.441786,PSF-00232_20230611115125,0,0,0,98.184586,119.891449,0.181054,0.5,0.8,45.487587,29.02,33.66,34.6,33.25,97.12,77.7,-12.5,116.1,628,3.637,11:50:29,6/11/23,0.45,-0.001,0.002,0.008,1.12,-0.41,1.271,0,150,-9999,-9999,0,mpf,7000,500,-9999,-9999,300,300,300,116.354225,25,-2.727881,114.982368,115.982643,-1.000275,2.457006,2.4578,1.044616,0.580157,0.186748,-0.017628,0.162249,0.630694,98.184586,0.000639,2.40043,-0.000041,1,2.408421,-0.000039,1,0.60025,0.601702,0.107071,0,PSF-00232_20230611115125,PFA-00245,PSA-00257,PSF-00232,RHS-00222,2.0.0,2021-01-19T12:57:14.097Z
L,Garcia,E,,4,11:52:41,6/11/23,Manual gsw+F,LI-COR Default,,4,,,-0.158962,1.846274,-0.173938,-4.730481,1.550343,1.810391,4.114162,2.563819,18.64403,15.965968,42.369057,0.441786,PSF-00232_20230611115241,0,0,0,122.600555,478.223511,0.743633,0.5,0.8,14.679125,28.81,33.65,34.13,29.39,97.1,76.8,-10.7,113.9,49,3.636,11:50:29,6/11/23,0.45,0.004,0.007,0.02,0.129,0.398,1.636,0,150,-9999,-9999,0,mpf,7000,500,-9999,-9999,300,300,300,465.111481,25,-8.880122,465.441223,465.499115,-0.057892,2.457067,2.457556,1.038478,0.583219,0.190248,-0.058855,0.168009,0.148212,122.600555,0.000644,2.40043,-0.000041,1,2.408421,-0.000039,1,0.60025,0.601702,0.107071,0,PSF-00232_20230611115241,PFA-00245,PSA-00257,PSF-00232,RHS-00222,2.0.0,2021-01-19T12:57:14.097Z
L,Garcia,E,,5,11:52:56,6/11/23,Manual gsw+F,LI-COR Default,,5,,,-0.151013,1.869796,-0.164281,-4.736699,1.536367,1.792617,4.252707,2.716339,18.460745,15.821835,43.795269,0.441786,PSF-00232_20230611115256,0,0,0,132.272964,485.12326,0.727341,0.5,0.8,13.852564,28.75,33.54,34.01,29.97,97.1,78,-12.5,116,48,3.636,11:50:29,6/11/23,0.45,0,0.001,-9999,0.757,1.821,-9999,0,150,-9999,-9999,0,mpf,7000,500,-9999,-9999,300,300,300,473.225006,25,-8.41943,471.527344,473.05899,-1.531647,2.456936,2.457474,1.046795,0.580184,0.19115,-0.050385,0.169047,0.146765,132.272964,0.000651,2.40043,-0.000041,1,2.408421,-0.000039,1,0.60025,0.601702,0.107071,0,PSF-00232_20230611115256,PFA-00245,PSA-00257,PSF-00232,RHS-00222,2.0.0,2021-01-19T12:57:14.097Z
L,Garcia,E,,6,11:53:15,6/11/23,Manual gsw+F,LI-COR Default,,6,,,-0.101889,1.883747,-0.107715,-3.029379,1.700468,1.862525,4.346499,2.646031,19.17988,17.511057,44.759315,0.441786,PSF-00232_20230611115315,0,0,0,105.713364,315.416412,0.664845,0.5,0.8,275.822174,32.07,35.12,33.87,30.35,97.11,78.8,-13.1,116.6,1037,3.636,11:50:29,6/11/23,0.45,0,0.001,-9999,1.019,3.007,-9999,0,150,-9999,-9999,0,mpf,7000,500,-9999,-9999,300,300,300,293.89035,25,-15.31531,291.414154,293.470978,-2.056824,2.459289,2.462533,1.051781,0.579186,0.192195,-0.044015,0.17039,0.971726,105.713364,0.000637,2.40043,-0.000041,1,2.408421,-0.000039,1,0.60025,0.601702,0.107071,0,PSF-00232_20230611115315,PFA-00245,PSA-00257,PSF-00232,RHS-00222,2.0.0,2021-01-19T12:57:14.097Z
L,Garcia,E,,7,11:53:44,6/11/23,Manual gsw+F,LI-COR Default,,7,,,-0.134665,1.913687,-0.144859,-4.305185,1.56542,1.791392,4.363219,2.797799,18.448324,16.121191,44.933815,0.441786,PSF-00232_20230611115344,0,0,0,165.720825,628.702148,0.736408,0.5,0.8,12.914144,29.89,34.2,33.64,30.42,97.1,80.4,-4,105,44,3.635,11:50:29,6/11/23,0.45,-0.001,-0.001,-0.004,0.312,0.514,1.321,0,150,-9999,-9999,0,mpf,7000,500,-9999,-9999,300,300,300,605.520142,25,-16.780819,601.993225,604.656738,-2.663513,2.457973,2.45927,1.062624,0.594668,0.193854,-0.040429,0.172506,0.14362,165.720825,0.000646,2.40043,-0.000041,1,2.408421,-0.000039,1,0.60025,0.601702,0.107071,0,PSF-00232_20230611115344,PFA-00245,PSA-00257,PSF-00232,RHS-00222,2.0.0,2021-01-19T12:57:14.097Z
L,Garcia,E,,8,11:54:03,6/11/23,Manual gsw+F,LI-COR Default,,8,,,-0.13125,1.968498,-0.140626,-4.310985,1.523629,1.741815,4.409443,2.885814,17.937813,15.690852,45.409954,0.441786,PSF-00232_20230611115403,0,0,0,144.817474,538.480591,0.731063,0.5,0.8,13.582605,29.33,33.53,33.5,30.6,97.1,83.4,-12.7,115.2,46,3.635,11:50:29,6/11/23,0.45,0,0.004,0.012,0.342,1.035,2.674,0,150,-9999,-9999,0,mpf,7000,500,-9999,-9999,300,300,300,521.705017,25,-12.507624,518.416626,520.558289,-2.141663,2.45701,2.458446,1.08299,0.579859,0.194977,-0.036331,0.173773,0.145793,144.580002,0.000649,2.40043,-0.000041,1,2.408421,-0.000039,1,0.60025,0.601702,0.107071,0,PSF-00232_20230611115403,PFA-00245,PSA-00257,PSF-00232,RHS-00222,2.0.0,2021-01-19T12:57:14.097Z
L,Garcia,E,,9,11:54:21,6/11/23,Manual gsw+F,LI-COR Default,,9,,,-0.141515,1.993863,-0.152326,-4.101886,1.527354,1.731469,4.066765,2.539411,17.83186,15.729746,41.882343,0.441786,PSF-00232_20230611115421,0,0,0,185.190796,623.202759,0.70284,0.5,0.8,14.284409,29.64,33.6,33.35,29.19,97.1,84.9,-12.9,115.2,51,3.621,11:50:29,6/11/23,0.45,0,0.002,0.009,0.228,0.349,4.736,0,150,-9999,-9999,0,mpf,7000,500,-9999,-9999,300,300,300,604.761963,25,-14.060194,599.623535,603.055786,-3.432251,2.457145,2.458945,1.09265,0.579483,0.196085,-0.051522,0.174881,0.149429,185.190796,0.000646,2.40043,-0.000041,1,2.408421,-0.000039,1,0.60025,0.601702,0.107071,0,PSF-00232_20230611115421,PFA-00245,PSA-00257,PSF-00232,RHS-00222,2.0.0,2021-01-19T12:57:14.097Z
D,Garcia,E,,10,12:12:51,6/11/23,Manual gsw+F,LI-COR Default,,10,,,-0.078387,2.34987,-0.081092,-3.048224,1.46938,1.590121,4.999237,3.529857,16.369497,15.12653,51.464638,0.441786,PSF-00232_20230611121251,0,0,0,123.050453,343.796875,0.642084,0.5,0.8,1.376962,25.28,27.35,35.52,32.81,97.14,106.7,-11,110.3,5,3.619,12:12:26,6/11/23,0.52,-0.002,-0.002,0.005,0.326,0.632,0.243,0,150,-9999,-9999,0,mpf,7000,500,-9999,-9999,300,300,300,298.500183,25,-34.140224,279.453979,294.877045,-15.423065,2.447404,2.451776,1.247534,0.582676,0.180204,-0.034735,0.252025,0.111541,123.050453,0.000643,2.40043,-0.000041,1,2.408421,-0.000039,1,0.60025,0.601702,0.107071,0,PSF-00232_20230611121251,PFA-00245,PSA-00257,PSF-00232,RHS-00222,2.0.0,2021-01-19T12:57:14.097Z
D,Garcia,E,,11,12:13:39,6/11/23,Manual gsw+F,LI-COR Default,,11,,,-0.033366,2.253739,-0.033867,-1.166984,1.574046,1.62311,4.810551,3.236505,16.712633,16.207434,49.532665,0.441786,PSF-00232_20230611121339,0,0,0,91.81237,234.493591,0.608465,0.5,0.8,13.820436,27.64,28.5,35.15,32.13,97.12,100.4,-12.9,112.8,57,3.618,12:12:26,6/11/23,0.52,0.003,-0.002,0.01,0.279,0.367,-0.166,0,150,-9999,-9999,0,mpf,7000,500,-9999,-9999,300,300,300,214.330322,25,-14.428385,208.395844,213.819031,-5.423187,2.449212,2.455498,1.201645,0.579506,0.182847,-0.038408,0.253335,0.15441,91.81237,0.000625,2.40043,-0.000041,1,2.408421,-0.000039,1,0.60025,0.601702,0.107071,0,PSF-00232_20230611121339,PFA-00245,PSA-00257,PSF-00232,RHS-00222,2.0.0,2021-01-19T12:57:14.097Z
D,Garcia,E,,12,12:14:23,6/11/23,Manual gsw+F,LI-COR Default,,12,,,-0.037314,2.404919,-0.037902,-1.294354,1.561546,1.610999,4.7698,3.208254,16.589251,16.080011,49.116993,0.441786,PSF-00232_20230611121423,0,0,0,108.770012,417.444397,0.739438,0.5,0.8,5.456902,27.98,28.86,34.78,31.98,97.11,110.5,-12.7,111.5,18,3.618,12:12:26,6/11/23,0.52,0.001,0,0.006,1.368,2.716,5.103,0,150,-9999,-9999,0,mpf,7000,500,-9999,-9999,300,300,300,396.035309,25,-16.167772,389.097321,394.277466,-5.180145,2.449815,2.456069,1.275494,0.579813,0.185438,-0.035657,0.255249,0.122452,108.770012,0.000644,2.40043,-0.000041,1,2.408421,-0.000039,1,0.60025,0.601702,0.107071,0,PSF-00232_20230611121423,PFA-00245,PSA-00257,PSF-00232,RHS-00222,2.0.0,2021-01-19T12:57:14.097Z
L,Garcia,H,,1,12:35:24,6/11/23,Manual gsw+F,LI-COR Default,,1,,,-0.004906,2.924857,-0.004914,-0.155827,1.527447,1.531673,4.537924,3.010477,15.635098,15.591959,46.322479,0.441786,PSF-00232_20230611123524,0,0,0,95.441223,129.148239,0.260995,0.5,0.8,171.013351,28.45,28.53,34.09,31.1,97.96,157.1,-12.4,107.9,1638,3.622,12:35:14,6/11/23,0.48,-0.001,-0.003,-0.008,0.114,-10.003,-2.912,0,150,-9999,-9999,0,mpf,7000,500,-9999,-9999,300,300,300,122.506142,25,-4.967863,121.21904,122.029747,-0.810707,2.44942,2.456958,1.64664,0.580291,0.190553,-0.037593,0.162958,1.472699,95.441223,0.000624,2.40043,-0.000041,1,2.408421,-0.000039,1,0.60025,0.601702,0.107071,0,PSF-00232_20230611123524,PFA-00245,PSA-00257,PSF-00232,RHS-00222,2.0.0,2021-01-19T12:57:14.097Z
L,Garcia,H,,2,12:35:38,6/11/23,Manual gsw+F,LI-COR Default,,2,,,-0.021613,2.862897,-0.021777,-0.729491,1.51651,1.537258,4.693897,3.177387,15.69283,15.481027,47.916832,0.441786,PSF-00232_20230611123538,0,0,0,114.508507,173.322739,0.339334,0.5,0.8,150.548462,28.37,28.76,34.01,31.7,97.96,149.8,-11.6,107.7,1109,3.621,12:35:14,6/11/23,0.48,0,0.001,-9999,-8.513,14.535,-9999,0,150,-9999,-9999,0,mpf,7000,500,-9999,-9999,300,300,300,166.227219,25,-4.847248,166.100983,166.377075,-0.276093,2.449783,2.45685,1.585429,0.581748,0.191143,-0.029296,0.164543,1.031735,114.508507,0.000627,2.40043,-0.000041,1,2.408421,-0.000039,1,0.60025,0.601702,0.107071,0,PSF-00232_20230611123538,PFA-00245,PSA-00257,PSF-00232,RHS-00222,2.0.0,2021-01-19T12:57:14.097Z
L,Garcia,H,,3,12:35:50,6/11/23,Manual gsw+F,LI-COR Default,,3,,,-0.028388,2.827722,-0.028676,-0.792828,1.533246,1.556379,4.162773,2.629527,15.888507,15.652359,42.496246,0.441786,PSF-00232_20230611123550,0,0,0,90.121506,291.765411,0.691117,0.5,0.8,94.740166,28.83,29.26,33.92,29.6,97.96,146,-12.9,108.8,343,3.62,12:35:14,6/11/23,0.48,0.001,0.001,-9999,9.536,4.256,-9999,0,150,-9999,-9999,0,mpf,7000,500,-9999,-9999,300,300,300,278.632172,25,-8.860171,278.860321,279.06958,-0.209259,2.450555,2.457559,1.553961,0.579451,0.191795,-0.05378,0.165862,0.392776,90.121506,0.000632,2.40043,-0.000041,1,2.408421,-0.000039,1,0.60025,0.601702,0.107071,0,PSF-00232_20230611123550,PFA-00245,PSA-00257,PSF-00232,RHS-00222,2.0.0,2021-01-19T12:57:14.097Z
L,Garcia,H,,4,12:36:21,6/11/23,Manual gsw+F,LI-COR Default,,4,,,-0.037796,2.814403,-0.038311,-1.111187,1.543793,1.576521,4.30021,2.756417,16.094097,15.759986,43.899181,0.441786,PSF-00232_20230611123621,0,0,0,107.467888,356.5336,0.698576,0.5,0.8,166.736511,29.42,30.05,33.67,30.16,97.96,144.6,-9,106.2,597,3.62,12:35:14,6/11/23,0.48,0.002,0.002,0.004,0.363,0.167,0.339,0,150,-9999,-9999,0,mpf,7000,500,-9999,-9999,300,300,300,339.952118,25,-11.667857,339.741119,339.814636,-0.073517,2.45178,2.458509,1.54256,0.586067,0.193627,-0.043886,0.168988,0.604523,107.467888,0.000642,2.40043,-0.000041,1,2.408421,-0.000039,1,0.60025,0.601702,0.107071,0,PSF-00232_20230611123621,PFA-00245,PSA-00257,PSF-00232,RHS-00222,2.0.0,2021-01-19T12:57:14.097Z
L,Garcia,H,,5,12:36:36,6/11/23,Manual gsw+F,LI-COR Default,,5,,,-0.028897,2.687758,-0.029211,-0.881251,1.542604,1.57092,4.407961,2.865357,16.037241,15.748169,45.000092,0.441786,PSF-00232_20230611123636,0,0,0,90.331436,270.628937,0.666217,0.5,0.8,426.488281,29.61,30.16,33.55,30.59,97.95,132.6,-10.3,107.8,1600,3.619,12:35:14,6/11/23,0.48,0,0,0.006,-0.823,-2.68,-8.6,0,150,-9999,-9999,0,mpf,7000,500,-9999,-9999,300,300,300,255.538345,25,-10.200533,256.09375,256.012512,0.081238,2.451968,2.458821,1.445284,0.583831,0.194607,-0.037012,0.17041,1.441286,92.000839,0.000633,2.40043,-0.000041,1,2.408421,-0.000039,1,0.60025,0.601702,0.107071,0,PSF-00232_20230611123636,PFA-00245,PSA-00257,PSF-00232,RHS-00222,2.0.0,2021-01-19T12:57:14.097Z
L,Garcia,H,,6,12:36:53,6/11/23,Manual gsw+F,LI-COR Default,,6,,,-0.035008,2.638064,-0.035479,-1.011643,1.532792,1.566386,4.243508,2.710716,15.99079,15.64784,43.32077,0.441786,PSF-00232_20230611123653,0,0,0,110.028503,424.985016,0.7411,0.5,0.8,19.194921,29.67,30.32,33.4,29.93,97.96,128.3,-10,107.8,65,3.617,12:35:14,6/11/23,0.48,0,-0.001,-0.004,-0.042,-1.153,-2.388,0,150,-9999,-9999,0,mpf,7000,500,-9999,-9999,300,300,300,411.59964,25,-8.934535,412.670013,412.182648,0.487366,2.452232,2.458924,1.411507,0.584401,0.195716,-0.043233,0.171993,0.161052,110.381485,0.000638,2.40043,-0.000041,1,2.408421,-0.000039,1,0.60025,0.601702,0.107071,0,PSF-00232_20230611123653,PFA-00245,PSA-00257,PSF-00232,RHS-00222,2.0.0,2021-01-19T12:57:14.097Z
L,Garcia,H,,7,12:38:09,6/11/23,Manual gsw+F,LI-COR Default,,7,,,-0.024309,2.58079,-0.02454,-0.688464,1.521232,1.544966,4.189419,2.668188,15.770869,15.528595,42.765217,0.441786,PSF-00232_20230611123809,0,0,0,86.699005,248.864243,0.651621,0.5,0.8,36.445087,30.23,30.71,32.93,29.71,97.96,123.6,-13.4,110.8,140,3.617,12:35:14,6/11/23,0.48,0,-0.001,-9999,-6.274,-8.048,-9999,0,150,-9999,-9999,0,mpf,7000,500,-9999,-9999,300,300,300,232.608322,25,-11.013093,231.037979,233.083481,-2.045502,2.452898,2.459867,1.374976,0.578692,0.199367,-0.040013,0.178977,0.223639,86.699005,0.000649,2.40043,-0.000041,1,2.408421,-0.000039,1,0.60025,0.601702,0.107071,0,PSF-00232_20230611123809,PFA-00245,PSA-00257,PSF-00232,RHS-00222,2.0.0,2021-01-19T12:57:14.097Z
L,Garcia,H,,8,12:38:20,6/11/23,Manual gsw+F,LI-COR Default,,8,,,-0.028148,2.692513,-0.028445,-0.880875,1.503019,1.531249,4.444741,2.941722,15.630171,15.342018,45.369549,0.441786,PSF-00232_20230611123820,0,0,0,84.623337,129.385437,0.345959,0.5,0.8,247.772614,30.03,30.6,32.83,30.74,97.97,133,-12.1,109.1,1790,3.617,12:35:14,6/11/23,0.48,0.002,0.003,-9999,26.11,12.192,-9999,0,150,-9999,-9999,0,mpf,7000,500,-9999,-9999,300,300,300,125.662926,25,-2.543785,125.22197,125.740425,-0.518456,2.452753,2.459578,1.448628,0.580878,0.200119,-0.026297,0.179991,1.599737,103.206757,0.000627,2.40043,-0.000041,1,2.408421,-0.000039,1,0.60025,0.601702,0.107071,0,PSF-00232_20230611123820,PFA-00245,PSA-00257,PSF-00232,RHS-00222,2.0.0,2021-01-19T12:57:14.097Z
L,Garcia,H,,9,12:38:41,6/11/23,Manual gsw+F,LI-COR Default,,9,,,-0.017357,2.49927,-0.017479,-0.583742,1.522451,1.543652,4.690148,3.167697,15.758827,15.542391,47.88076,0.441786,PSF-00232_20230611123841,0,0,0,80.367569,97.291473,0.173951,0.5,0.8,138.064194,30.69,31.12,32.67,31.68,97.95,117.3,-10.6,109.1,1984,3.61,12:35:14,6/11/23,0.48,0,0.001,0.006,0.047,-0.073,-0.413,0,150,-9999,-9999,0,mpf,7000,500,-9999,-9999,300,300,300,94.038605,25,-2.243609,93.809006,94.076584,-0.267578,2.453566,2.460608,1.326734,0.58333,0.201357,-0.012758,0.181902,1.761277,80.367569,0.000615,2.40043,-0.000041,1,2.408421,-0.000039,1,0.60025,0.601702,0.107071,0,PSF-00232_20230611123841,PFA-00245,PSA-00257,PSF-00232,RHS-00222,2.0.0,2021-01-19T12:57:14.097Z
D,Garcia,H,,10,12:57:11,6/11/23,Manual gsw+F,LI-COR Default,,10,,,0.040137,2.920809,0.039593,1.010555,1.500411,1.472911,3.931243,2.430832,15.036724,15.317463,40.133457,0.441786,PSF-00232_20230611125711,0,0,0,102.58448,320.84613,0.680269,0.5,0.8,1.31936,37.35,36.66,28.98,28.61,97.95,156.6,-12.8,108.2,5,3.61,12:56:52,6/11/23,0.31,-0.001,0,0.006,0.066,0.046,-0.232,0,150,-9999,-9999,0,mpf,7000,500,-9999,-9999,300,300,300,314.345612,25,-4.220597,314.426788,314.798401,-0.371613,2.462503,2.471524,1.642375,0.579685,0.232834,-0.004814,0.265471,0.111113,102.58448,0.000628,2.40043,-0.000041,1,2.408421,-0.000039,1,0.60025,0.601702,0.107071,0,PSF-00232_20230611125711,PFA-00245,PSA-00257,PSF-00232,RHS-00222,2.0.0,2021-01-19T12:57:14.097Z
D,Garcia,H,,11,12:57:51,6/11/23,Manual gsw+F,LI-COR Default,,11,,,0.062744,2.923804,0.061426,1.485363,1.550317,1.510016,3.853504,2.303187,15.416508,15.827959,39.34235,0.441786,PSF-00232_20230611125751,0,0,0,104.157684,468.930664,0.777883,0.5,0.8,4.001122,38.72,37.71,28.93,28.26,97.95,157,-12.5,108,13,3.609,12:56:52,6/11/23,0.31,-0.005,-0.009,-0.001,0.196,0.64,0.668,0,150,-9999,-9999,0,mpf,7000,500,-9999,-9999,300,300,300,447.2612,25,-14.433826,444.667694,448.248291,-3.580597,2.464057,2.473562,1.645527,0.580124,0.233353,-0.008244,0.268466,0.117791,104.157684,0.00063,2.40043,-0.000041,1,2.408421,-0.000039,1,0.60025,0.601702,0.107071,0,PSF-00232_20230611125751,PFA-00245,PSA-00257,PSF-00232,RHS-00222,2.0.0,2021-01-19T12:57:14.097Z
D,Garcia,H,,12,12:58:53,6/11/23,Manual gsw+F,LI-COR Default,,12,,,0.117107,2.924371,0.112598,2.698081,1.617528,1.544401,3.898689,2.281161,15.766153,16.512676,39.800106,0.441786,PSF-00232_20230611125853,0,0,0,91.466187,313.888397,0.708603,0.5,0.8,8.070185,40.54,38.71,28.86,28.46,97.96,157,-12.7,108.1,28,3.608,12:56:52,6/11/23,0.31,0.001,0,0.017,0.113,0.014,0.655,0,150,-9999,-9999,0,mpf,7000,500,-9999,-9999,300,300,300,306.11264,25,-5.152865,305.109497,306.504822,-1.395325,2.465539,2.476263,1.646126,0.57974,0.233936,-0.005085,0.273278,0.130807,91.466187,0.000634,2.40043,-0.000041,1,2.408421,-0.000039,1,0.60025,0.601702,0.107071,0,PSF-00232_20230611125853,PFA-00245,PSA-00257,PSF-00232,RHS-00222,2.0.0,2021-01-19T12:57:14.097Z
L,BigRiver,C,,1,16:20:03,6/11/23,Manual gsw+F,LI-COR Default,,1,,,0.142061,2.92301,0.135477,2.194471,1.271588,1.210294,2.865115,1.593527,12.049234,12.659453,28.524004,0.441786,PSF-00232_20230611162003,0,0,0,116.485123,354.380646,0.671299,0.5,0.8,18.74478,37.94,36.11,25.88,23.26,100.45,156.9,-12.8,108.2,70,4.096,16:19:50,6/11/23,0.38,-0.002,-0.001,-0.008,0.898,2.04,27.008,0,150,-9999,-9999,0,mpf,7000,500,-9999,-9999,300,300,300,354.343414,25,0.26118,356.688019,354.754883,1.933136,2.462306,2.47293,1.644689,0.57956,0.263277,-0.030272,0.095269,0.165268,116.485123,0.000672,2.40043,-0.000041,1,2.408421,-0.000039,1,0.60025,0.601702,0.107071,0,PSF-00232_20230611162003,PFA-00245,PSA-00257,PSF-00232,RHS-00222,2.0.0,2021-01-19T12:57:14.097Z
L,BigRiver,C,,2,16:20:23,6/11/23,Manual gsw+F,LI-COR Default,,2,,,0.123521,2.921324,0.11851,1.960259,1.298466,1.243656,2.924991,1.626525,12.381432,12.927104,29.120255,0.441786,PSF-00232_20230611162023,0,0,0,118.466019,448.525085,0.735877,0.5,0.8,6.810626,38.81,37.17,25.86,23.61,100.45,156.7,-13,108.3,23,4.094,16:19:50,6/11/23,0.38,-0.003,-0.005,0.005,0.062,0.215,0.732,0,150,-9999,-9999,0,mpf,7000,500,-9999,-9999,300,300,300,448.525085,25,1.440118,449.450623,450.588654,-1.138031,2.463882,2.474223,1.642916,0.579326,0.263555,-0.026061,0.097665,0.12636,118.466019,0.000654,2.40043,-0.000041,1,2.408421,-0.000039,1,0.60025,0.601702,0.107071,0,PSF-00232_20230611162023,PFA-00245,PSA-00257,PSF-00232,RHS-00222,2.0.0,2021-01-19T12:57:14.097Z
L,BigRiver,C,,3,16:20:42,6/11/23,Manual gsw+F,LI-COR Default,,3,,,0.1084,2.922338,0.104523,1.685255,1.309014,1.261936,2.894649,1.585635,12.563324,13.032018,28.817959,0.441786,PSF-00232_20230611162042,0,0,0,98.710655,371.174896,0.734059,0.5,0.8,11.086979,39.23,37.82,25.81,23.43,100.45,156.8,-13.5,108.6,38,4.092,16:19:50,6/11/23,0.38,-0.001,-0.002,-0.006,0.143,0.32,0.766,0,150,-9999,-9999,0,mpf,7000,500,-9999,-9999,300,300,300,366.226318,25,-2.992688,367.416504,366.886658,0.529846,2.464859,2.474863,1.643982,0.578454,0.264044,-0.027484,0.09984,0.13855,98.710655,0.000667,2.40043,-0.000041,1,2.408421,-0.000039,1,0.60025,0.601702,0.107071,0,PSF-00232_20230611162042,PFA-00245,PSA-00257,PSF-00232,RHS-00222,2.0.0,2021-01-19T12:57:14.097Z
L,BigRiver,C,,4,16:21:13,6/11/23,Manual gsw+F,LI-COR Default,,4,,,0.095533,2.922061,0.092508,1.648178,1.317287,1.271244,3.06762,1.750333,12.657472,13.115915,30.543568,0.441786,PSF-00232_20230611162113,0,0,0,185.733322,577.97644,0.678649,0.5,0.8,212.824387,39.66,38.27,25.73,24.4,100.43,156.7,-11.6,107.4,784,4.091,16:19:50,6/11/23,0.38,-0.003,-0.002,-0.007,3.264,20.524,5.537,0,150,-9999,-9999,0,mpf,7000,500,-9999,-9999,300,300,300,568.442017,25,-6.576659,567.346924,568.552673,-1.20575,2.465546,2.475515,1.643691,0.581736,0.264854,-0.015536,0.103297,0.760669,185.733322,0.000648,2.40043,-0.000041,1,2.408421,-0.000039,1,0.60025,0.601702,0.107071,0,PSF-00232_20230611162113,PFA-00245,PSA-00257,PSF-00232,RHS-00222,2.0.0,2021-01-19T12:57:14.097Z
L,BigRiver,C,,5,16:21:30,6/11/23,Manual gsw+F,LI-COR Default,,5,,,0.088579,2.921756,0.085973,1.599095,1.341241,1.296566,3.167484,1.826243,12.90896,13.353752,31.536318,0.441786,PSF-00232_20230611162130,0,0,0,131.715424,269.680206,0.511587,0.5,0.8,152.099304,40.47,39.12,25.7,24.94,100.44,156.7,-12.4,107.9,743,4.09,16:19:50,6/11/23,0.38,-0.001,0,0,-13.021,-1.581,14.936,0,150,-9999,-9999,0,mpf,7000,500,-9999,-9999,300,300,300,253.448013,25,-11.876438,248.515961,252.662354,-4.146393,2.466816,2.476733,1.64337,0.580298,0.26527,-0.008888,0.105203,0.726715,127.922417,0.000636,2.40043,-0.000041,1,2.408421,-0.000039,1,0.60025,0.601702,0.107071,0,PSF-00232_20230611162130,PFA-00245,PSA-00257,PSF-00232,RHS-00222,2.0.0,2021-01-19T12:57:14.097Z
L,BigRiver,C,,6,16:21:50,6/11/23,Manual gsw+F,LI-COR Default,,6,,,0.072018,2.923392,0.070286,1.411975,1.328882,1.289483,3.300041,1.971159,12.838819,13.231101,32.857067,0.441786,PSF-00232_20230611162150,0,0,0,92.830536,184.185394,0.495994,0.5,0.8,151.375,40.22,39.03,25.64,25.62,100.44,156.9,-13.5,108.6,763,4.089,16:19:50,6/11/23,0.38,0,0,-0.002,-0.252,-0.066,0.314,0,150,-9999,-9999,0,mpf,7000,500,-9999,-9999,300,300,300,163.755661,25,-15.427762,156.812668,162.078812,-5.266144,2.466688,2.476373,1.645092,0.578467,0.265816,-0.000272,0.107498,0.743151,92.830536,0.000642,2.40043,-0.000041,1,2.408421,-0.000039,1,0.60025,0.601702,0.107071,0,PSF-00232_20230611162150,PFA-00245,PSA-00257,PSF-00232,RHS-00222,2.0.0,2021-01-19T12:57:14.097Z
L,BigRiver,C,,7,16:22:27,6/11/23,Manual gsw+F,LI-COR Default,,7,,,0.083064,2.922652,0.080768,1.52338,1.320917,1.278379,3.172914,1.851997,12.728013,13.15153,31.590696,0.441786,PSF-00232_20230611162227,0,0,0,64.596535,109.449486,0.409805,0.5,0.8,103.53688,40.19,38.89,25.56,24.96,100.44,156.8,-13.3,108.5,632,4.088,16:19:50,6/11/23,0.38,0,0.002,-0.008,0.323,0.721,1.273,0,150,-9999,-9999,0,mpf,7000,500,-9999,-9999,300,300,300,100.277779,25,-6.763475,97.933891,99.758041,-1.82415,2.466505,2.47634,1.644312,0.578837,0.266736,-0.006931,0.111573,0.633636,64.596535,0.000651,2.40043,-0.000041,1,2.408421,-0.000039,1,0.60025,0.601702,0.107071,0,PSF-00232_20230611162227,PFA-00245,PSA-00257,PSF-00232,RHS-00222,2.0.0,2021-01-19T12:57:14.097Z
L,BigRiver,C,,8,16:22:46,6/11/23,Manual gsw+F,LI-COR Default,,8,,,0.063473,2.923325,0.062124,1.183434,1.306659,1.273628,3.177155,1.870496,12.681435,13.010315,31.634726,0.441786,PSF-00232_20230611162246,0,0,0,88.070152,175.356537,0.497765,0.5,0.8,113.723511,39.88,38.87,25.51,24.99,100.43,156.9,-12.9,108.2,571,4.087,16:19:50,6/11/23,0.38,0.002,0.001,0,0.45,0.873,1.815,0,150,-9999,-9999,0,mpf,7000,500,-9999,-9999,300,300,300,161.451462,25,-9.841411,158.607605,161.254684,-2.647079,2.466477,2.475888,1.645021,0.57954,0.267283,-0.006068,0.113656,0.583239,88.070152,0.000642,2.40043,-0.000041,1,2.408421,-0.000039,1,0.60025,0.601702,0.107071,0,PSF-00232_20230611162246,PFA-00245,PSA-00257,PSF-00232,RHS-00222,2.0.0,2021-01-19T12:57:14.097Z
L,BigRiver,C,,9,16:23:05,6/11/23,Manual gsw+F,LI-COR Default,,9,,,0.058661,2.921994,0.057507,1.050532,1.302102,1.272748,3.09665,1.794548,12.672453,12.964721,30.832611,0.441786,PSF-00232_20230611162305,0,0,0,79.417351,191.953812,0.586268,0.5,0.8,123.803207,39.87,38.97,25.45,24.56,100.43,156.7,-13.7,108.7,528,4.056,16:19:50,6/11/23,0.38,0.002,0.004,-0.005,-0.27,-0.159,-0.87,0,150,-9999,-9999,0,mpf,7000,500,-9999,-9999,300,300,300,176.536911,25,-10.741031,174.541718,176.562897,-2.021179,2.466646,2.475896,1.643619,0.578159,0.267896,-0.010362,0.115682,0.54719,79.417351,0.000638,2.40043,-0.000041,1,2.408421,-0.000039,1,0.60025,0.601702,0.107071,0,PSF-00232_20230611162305,PFA-00245,PSA-00257,PSF-00232,RHS-00222,2.0.0,2021-01-19T12:57:14.097Z
D,BigRiver,C,,10,16:40:41,6/11/23,Manual gsw+F,LI-COR Default,,10,,,0.103,2.922296,0.099493,1.419141,1.261168,1.221511,2.665628,1.40446,12.163142,12.558028,26.542875,0.441786,PSF-00232_20230611164041,0,0,0,103.766441,426.382233,0.756635,0.5,0.8,0.188879,44.23,42.84,23.18,22.07,100.43,156.8,-13.3,108.5,1,4.055,16:40:20,6/11/23,0.18,-0.001,-0.001,-0.005,0.186,0.34,0.23,0,150,-9999,-9999,0,mpf,7000,500,-9999,-9999,300,300,300,425.956604,25,-0.11608,425.426971,426.215912,-0.78894,2.472835,2.483133,1.643937,0.578783,0.293256,-0.012367,0.211373,0.107591,103.766441,0.000637,2.40043,-0.000041,1,2.408421,-0.000039,1,0.60025,0.601702,0.107071,0,PSF-00232_20230611164041,PFA-00245,PSA-00257,PSF-00232,RHS-00222,2.0.0,2021-01-19T12:57:14.097Z
D,BigRiver,C,,11,16:41:16,6/11/23,Manual gsw+F,LI-COR Default,,11,,,0.125255,2.921771,0.120106,1.645517,1.274145,1.228153,2.623212,1.349067,12.230563,12.68857,26.123249,0.441786,PSF-00232_20230611164116,0,0,0,89.36763,328.142029,0.727656,0.5,0.8,0.20849,45.06,43.43,23.05,21.81,100.42,156.7,-14.8,109.4,1,4.053,16:40:20,6/11/23,0.18,-0.001,-0.002,0.003,0.054,0.058,0.52,0,150,-9999,-9999,0,mpf,7000,500,-9999,-9999,300,300,300,316.649078,25,-7.759224,314.129578,317.023773,-2.894196,2.473732,2.484377,1.643385,0.576262,0.294871,-0.01375,0.213759,0.107668,89.36763,0.000629,2.40043,-0.000041,1,2.408421,-0.000039,1,0.60025,0.601702,0.107071,0,PSF-00232_20230611164116,PFA-00245,PSA-00257,PSF-00232,RHS-00222,2.0.0,2021-01-19T12:57:14.097Z
D,BigRiver,C,,12,16:41:53,6/11/23,Manual gsw+F,LI-COR Default,,12,,,0.146112,2.92178,0.139154,1.977174,1.293997,1.238746,2.692489,1.398492,12.33574,12.885945,26.812481,0.441786,PSF-00232_20230611164153,0,0,0,79.452042,304.34729,0.738943,0.5,0.8,2.509153,46.19,44.22,22.89,22.24,100.42,156.7,-14,108.9,8,4.051,16:40:20,6/11/23,0.18,-0.001,-0.004,0.004,-0.093,-0.022,0.082,0,150,-9999,-9999,0,mpf,7000,500,-9999,-9999,300,300,300,292.307129,25,-7.996826,290.725006,292.88858,-2.163574,2.474916,2.486068,1.643395,0.57762,0.296702,-0.007152,0.216444,0.114148,79.452042,0.000649,2.40043,-0.000041,1,2.408421,-0.000039,1,0.60025,0.601702,0.107071,0,PSF-00232_20230611164153,PFA-00245,PSA-00257,PSF-00232,RHS-00222,2.0.0,2021-01-19T12:57:14.097Z
L,BigRiver,B,,1,17:06:38,6/11/23,Manual gsw+F,LI-COR Default,,1,,,0.100232,2.92083,0.096907,1.32751,1.253613,1.216362,2.606888,1.353275,12.076906,12.446766,25.883041,0.441786,PSF-00232_20230611170638,0,0,0,116.658569,495.847046,0.764729,0.5,0.8,1.380815,45.63,44.28,22.57,21.71,100.72,156.6,-2.5,101.6,5,4.053,17:06:15,6/11/23,0.18,0.002,-0.002,-0.012,0.347,0.88,1.227,0,150,-9999,-9999,0,mpf,7000,500,-9999,-9999,300,300,300,491.106384,25,-3.293771,489.394073,491.12738,-1.733307,2.475072,2.485327,1.642397,0.597266,0.300544,-0.009438,0.188671,0.110834,116.222618,0.000649,2.40043,-0.000041,1,2.408421,-0.000039,1,0.60025,0.601702,0.107071,0,PSF-00232_20230611170638,PFA-00245,PSA-00257,PSF-00232,RHS-00222,2.0.0,2021-01-19T12:57:14.097Z
L,BigRiver,B,,2,17:06:54,6/11/23,Manual gsw+F,LI-COR Default,,2,,,0.224817,2.922931,0.20876,2.576935,1.309515,1.237362,2.529109,1.219595,12.285168,13.001535,25.110298,0.441786,PSF-00232_20230611170654,0,0,0,109.924789,508.573395,0.783857,0.5,0.8,1.40782,47.75,45.12,22.54,21.22,100.72,156.9,-6.8,104.4,4,4.052,17:06:15,6/11/23,0.18,-0.004,-0.001,-9999,0.295,0.718,-9999,0,150,-9999,-9999,0,mpf,7000,500,-9999,-9999,300,300,300,505.631104,25,-1.973361,503.989563,505.745758,-1.756195,2.476305,2.488419,1.644606,0.589856,0.300887,-0.014661,0.190636,0.110814,109.924789,0.000637,2.40043,-0.000041,1,2.408421,-0.000039,1,0.60025,0.601702,0.107071,0,PSF-00232_20230611170654,PFA-00245,PSA-00257,PSF-00232,RHS-00222,2.0.0,2021-01-19T12:57:14.097Z
L,BigRiver,B,,3,17:07:15,6/11/23,Manual gsw+F,LI-COR Default,,3,,,0.221142,2.921856,0.205582,2.593893,1.321359,1.248683,2.567555,1.246196,12.398402,13.120012,25.493721,0.441786,PSF-00232_20230611170715,0,0,0,92.274788,357.642975,0.741992,0.5,0.8,1.60675,48.33,45.67,22.49,21.46,100.71,156.7,-13.7,108.8,5,4.051,17:06:15,6/11/23,0.18,0.001,0,-0.013,0.157,0.341,0.749,0,150,-9999,-9999,0,mpf,7000,500,-9999,-9999,300,300,300,355.544678,25,-1.324038,355.023987,355.745758,-0.721771,2.477125,2.489277,1.643474,0.578073,0.30151,-0.011313,0.193128,0.111584,92.274788,0.000652,2.40043,-0.000041,1,2.408421,-0.000039,1,0.60025,0.601702,0.107071,0,PSF-00232_20230611170715,PFA-00245,PSA-00257,PSF-00232,RHS-00222,2.0.0,2021-01-19T12:57:14.097Z
L,BigRiver,B,,4,17:07:40,6/11/23,Manual gsw+F,LI-COR Default,,4,,,0.028164,2.922949,0.027896,0.356751,1.264368,1.254376,2.528058,1.263689,12.455516,12.554733,25.102726,0.441786,PSF-00232_20230611170740,0,0,0,94.012497,438.436707,0.785573,0.5,0.8,1.54651,46.44,46.07,22.42,21.21,100.71,156.9,17.8,88.7,5,4.05,17:06:15,6/11/23,0.18,-0.002,-0.003,-0.014,0.477,0.908,1.851,0,150,-9999,-9999,0,mpf,7000,500,-9999,-9999,300,300,300,434.030762,25,-2.981806,432.439331,434.164062,-1.724731,2.477719,2.486542,1.644625,0.633311,0.302334,-0.013367,0.195767,0.111174,94.012497,0.000644,2.40043,-0.000041,1,2.408421,-0.000039,1,0.60025,0.601702,0.107071,0,PSF-00232_20230611170740,PFA-00245,PSA-00257,PSF-00232,RHS-00222,2.0.0,2021-01-19T12:57:14.097Z
L,BigRiver,B,,5,17:07:58,6/11/23,Manual gsw+F,LI-COR Default,,5,,,0.137374,2.923475,0.131209,1.658655,1.294536,1.248115,2.543324,1.248788,12.393771,12.854733,25.25519,0.441786,PSF-00232_20230611170758,0,0,0,89.039322,373.737579,0.76176,0.5,0.8,0.985933,47.71,46,22.37,21.31,100.71,156.9,-11.5,107.3,3,4.049,17:06:15,6/11/23,0.18,-0.003,-0.005,-0.008,0.339,0.381,0.901,0,150,-9999,-9999,0,mpf,7000,500,-9999,-9999,300,300,300,368.485107,25,-3.511421,367.107147,368.706024,-1.598877,2.477626,2.488404,1.64518,0.581847,0.303013,-0.011628,0.197667,0.109769,89.039322,0.000648,2.40043,-0.000041,1,2.408421,-0.000039,1,0.60025,0.601702,0.107071,0,PSF-00232_20230611170758,PFA-00245,PSA-00257,PSF-00232,RHS-00222,2.0.0,2021-01-19T12:57:14.097Z
L,BigRiver,B,,6,17:08:23,6/11/23,Manual gsw+F,LI-COR Default,,6,,,0.130519,2.924013,0.124942,1.592885,1.324594,1.280046,2.583569,1.258975,12.710843,13.153205,25.654819,0.441786,PSF-00232_20230611170823,0,0,0,137.398117,569.881592,0.758901,0.5,0.8,1.516009,49.02,47.37,22.3,21.56,100.71,157,-8.5,105.4,5,4.048,17:06:15,6/11/23,0.18,-0.015,-0.014,0.014,1.637,3.12,6.087,0,150,-9999,-9999,0,mpf,7000,500,-9999,-9999,300,300,300,566.188232,25,-2.365131,563.046448,566.492554,-3.446106,2.479628,2.49032,1.645748,0.587028,0.30384,-0.007974,0.200074,0.111234,137.398117,0.000647,2.40043,-0.000041,1,2.408421,-0.000039,1,0.60025,0.601702,0.107071,0,PSF-00232_20230611170823,PFA-00245,PSA-00257,PSF-00232,RHS-00222,2.0.0,2021-01-19T12:57:14.097Z
L,BigRiver,B,,7,17:08:51,6/11/23,Manual gsw+F,LI-COR Default,,7,,,0.187004,2.92326,0.17576,1.950298,1.310188,1.255606,2.406975,1.096786,12.468686,13.010708,23.90225,0.441786,PSF-00232_20230611170851,0,0,0,48.443199,242.757828,0.800446,0.5,0.8,3.758697,48.71,46.68,22.22,20.41,100.7,156.9,-11.4,107.2,12,4.048,17:06:15,6/11/23,0.18,0.003,0.005,-0.013,0.107,0.416,0.813,0,150,-9999,-9999,0,mpf,7000,500,-9999,-9999,300,300,300,237.870102,25,-3.208525,237.155197,238.160309,-1.005112,2.478652,2.489894,1.644953,0.582097,0.30477,-0.019966,0.20271,0.116858,48.443199,0.000663,2.40043,-0.000041,1,2.408421,-0.000039,1,0.60025,0.601702,0.107071,0,PSF-00232_20230611170851,PFA-00245,PSA-00257,PSF-00232,RHS-00222,2.0.0,2021-01-19T12:57:14.097Z
L,BigRiver,B,,8,17:09:10,6/11/23,Manual gsw+F,LI-COR Default,,8,,,0.181076,2.922833,0.170513,2.099489,1.317233,1.25846,2.533436,1.216203,12.497024,13.080664,25.15806,0.441786,PSF-00232_20230611170910,0,0,0,45.608284,312.573181,0.854088,0.5,0.8,6.799664,49.15,46.96,22.16,21.24,100.7,156.8,-11.7,107.5,20,4.022,17:06:15,6/11/23,0.18,-0.003,-0.002,0.002,0.578,-5.407,-1.01,0,150,-9999,-9999,0,mpf,7000,500,-9999,-9999,300,300,300,232.19455,25,-66.080368,245.42749,217.886032,27.541458,2.479063,2.490541,1.644502,0.581451,0.305488,-0.01002,0.204465,0.123664,45.608284,0.000649,2.40043,-0.000041,1,2.408421,-0.000039,1,0.60025,0.601702,0.107071,0,PSF-00232_20230611170910,PFA-00245,PSA-00257,PSF-00232,RHS-00222,2.0.0,2021-01-19T12:57:14.097Z
L,BigRiver,B,,9,17:09:32,6/11/23,Manual gsw+F,LI-COR Default,,9,,,0.171888,2.92329,0.162343,1.894998,1.304007,1.250972,2.457486,1.153479,12.422979,12.949651,24.404455,0.441786,PSF-00232_20230611170932,0,0,0,53.094147,236.786026,0.775772,0.5,0.8,5.082748,48.84,46.86,22.1,20.75,100.7,156.9,-14.1,109,16,4.025,17:06:15,6/11/23,0.18,-0.003,-0.007,-0.021,0.332,0.555,0.984,0,150,-9999,-9999,0,mpf,7000,500,-9999,-9999,300,300,300,234.950424,25,-1.177124,234.556671,235.099319,-0.542648,2.478934,2.490114,1.644985,0.577483,0.306262,-0.014832,0.20652,0.120726,53.094147,0.000652,2.40043,-0.000041,1,2.408421,-0.000039,1,0.60025,0.601702,0.107071,0,PSF-00232_20230611170932,PFA-00245,PSA-00257,PSF-00232,RHS-00222,2.0.0,2021-01-19T12:57:14.097Z
D,BigRiver,B,,10,17:25:10,6/11/23,Manual gsw+F,LI-COR Default,,10,,,0.35742,2.923038,0.318477,3.021956,1.425807,1.341326,2.363249,0.937442,13.321412,14.160435,23.470661,0.441786,PSF-00232_20230611172510,0,0,0,94.160202,455.084595,0.793093,0.5,0.8,0.052774,56.57,53.22,21.16,20.11,100.69,156.9,-14.3,109.1,0,4.023,17:24:50,6/11/23,0.08,-0.039,-0.064,-0.009,0.924,15.822,55.058,0,150,-9999,-9999,0,mpf,7000,500,-9999,-9999,300,300,300,448.880554,25,-4.240549,444.869751,449.00827,-4.138519,2.488292,2.501581,1.644718,0.577151,0.318036,-0.011187,0.280748,0.10721,94.160202,0.000631,2.40043,-0.000041,1,2.408421,-0.000039,1,0.60025,0.601702,0.107071,0,PSF-00232_20230611172510,PFA-00245,PSA-00257,PSF-00232,RHS-00222,2.0.0,2021-01-19T12:57:14.097Z
D,BigRiver,B,,11,17:25:46,6/11/23,Manual gsw+F,LI-COR Default,,11,,,0.342495,2.922662,0.306569,3.296432,1.434955,1.342779,2.496533,1.061578,13.335413,14.250831,24.793575,0.441786,PSF-00232_20230611172546,0,0,0,151.243332,534.439819,0.717006,0.5,0.8,0.027657,57.08,53.41,21.12,21,100.69,156.8,-14.4,109.2,0,4.023,17:24:50,6/11/23,0.08,0.007,0.014,0.013,1.228,2.414,-3.255,0,150,-9999,-9999,0,mpf,7000,500,-9999,-9999,300,300,300,534.439819,25,0.366378,532.140259,534.964783,-2.824524,2.488581,2.502317,1.644323,0.576993,0.318575,-0.00079,0.2831,0.107151,151.243332,0.000634,2.40043,-0.000041,1,2.408421,-0.000039,1,0.60025,0.601702,0.107071,0,PSF-00232_20230611172546,PFA-00245,PSA-00257,PSF-00232,RHS-00222,2.0.0,2021-01-19T12:57:14.097Z
D,BigRiver,B,,12,17:26:24,6/11/23,Manual gsw+F,LI-COR Default,,12,,,0.214,2.922224,0.199398,2.104391,1.391598,1.33271,2.434051,1.042453,13.235939,13.820786,24.174013,0.441786,PSF-00232_20230611172624,0,0,0,77.922104,393.237152,0.801845,0.5,0.8,0.131645,55.53,53.18,21.07,20.59,100.69,156.8,-13,108.3,0,4.022,17:24:50,6/11/23,0.08,0.008,0.011,-0.024,0.293,0.323,0.412,0,150,-9999,-9999,0,mpf,7000,500,-9999,-9999,300,300,300,385.556091,25,-4.966049,382.5177,386.121246,-3.603546,2.488256,2.500119,1.643862,0.579319,0.319214,-0.004828,0.285545,0.107413,77.922104,0.000645,2.40043,-0.000041,1,2.408421,-0.000039,1,0.60025,0.601702,0.107071,0,PSF-00232_20230611172624,PFA-00245,PSA-00257,PSF-00232,RHS-00222,2.0.0,2021-01-19T12:57:14.097Z
L,BigRiver,A,,1,17:41:43,6/11/23,Manual gsw+F,LI-COR Default,,1,,,0.732415,2.923119,0.58567,4.984205,1.407088,1.267721,2.248507,0.841418,12.589245,13.973246,22.329041,0.441786,PSF-00232_20230611174143,0,0,0,90.841766,412.356293,0.779701,0.5,0.8,6.988381,58.03,52.28,20.53,19.31,100.7,156.9,-13.6,108.7,22,4.023,17:41:23,6/11/23,-0.1,0.007,0.005,0.02,0.174,0.203,-0.063,0,150,-9999,-9999,0,mpf,7000,500,-9999,-9999,300,300,300,405.175201,25,-4.849969,402.908936,405.406738,-2.497803,2.487125,2.504074,1.644804,0.578191,0.326176,-0.012939,0.209473,0.125751,90.841766,0.000653,2.40043,-0.000041,1,2.408421,-0.000039,1,0.60025,0.601702,0.107071,0,PSF-00232_20230611174143,PFA-00245,PSA-00257,PSF-00232,RHS-00222,2.0.0,2021-01-19T12:57:14.097Z
L,BigRiver,A,,2,17:41:58,6/11/23,Manual gsw+F,LI-COR Default,,2,,,0.597851,2.922068,0.496307,4.252075,1.413629,1.294637,2.26066,0.84703,12.855928,14.037539,22.448669,0.441786,PSF-00232_20230611174158,0,0,0,91.428993,470.143555,0.80553,0.5,0.8,4.537538,58.31,53.4,20.53,19.4,100.7,156.7,-8.4,105.4,14,4.022,17:41:23,6/11/23,-0.1,-0.004,-0.003,-0.016,0.077,0.057,0.142,0,150,-9999,-9999,0,mpf,7000,500,-9999,-9999,300,300,300,462.024445,25,-5.339682,461.465485,462.492279,-1.026794,2.488721,2.504471,1.643698,0.587114,0.326213,-0.011952,0.211112,0.118811,91.428993,0.000639,2.40043,-0.000041,1,2.408421,-0.000039,1,0.60025,0.601702,0.107071,0,PSF-00232_20230611174158,PFA-00245,PSA-00257,PSF-00232,RHS-00222,2.0.0,2021-01-19T12:57:14.097Z
L,BigRiver,A,,3,17:42:10,6/11/23,Manual gsw+F,LI-COR Default,,3,,,0.590442,2.92121,0.491166,4.269435,1.423318,1.303771,2.282566,0.859249,12.94669,14.133816,22.666319,0.441786,PSF-00232_20230611174210,0,0,0,79.797867,415.297668,0.807854,0.5,0.8,5.099708,58.73,53.8,20.52,19.55,100.7,156.6,-14,108.9,16,4.021,17:41:23,6/11/23,-0.1,0.006,0.014,-0.037,0.106,0.241,0.431,0,150,-9999,-9999,0,mpf,7000,500,-9999,-9999,300,300,300,400.496368,25,-10.668481,399.677765,400.010712,-0.332947,2.489284,2.505066,1.642795,0.577614,0.326283,-0.010181,0.212422,0.120228,79.797867,0.000647,2.40043,-0.000041,1,2.408421,-0.000039,1,0.60025,0.601702,0.107071,0,PSF-00232_20230611174210,PFA-00245,PSA-00257,PSF-00232,RHS-00222,2.0.0,2021-01-19T12:57:14.097Z
L,BigRiver,A,,4,17:42:27,6/11/23,Manual gsw+F,LI-COR Default,,4,,,0.440587,2.92452,0.382902,3.23136,1.410833,1.320576,2.24528,0.834446,13.113148,14.009392,22.295338,0.441786,PSF-00232_20230611174227,0,0,0,100.576401,417.248688,0.758953,0.5,0.8,14.701805,58.23,54.51,20.52,19.29,100.71,157.1,-12.3,107.8,48,4.021,17:41:23,6/11/23,-0.1,0.004,0,-0.038,0.198,0.457,1.284,0,150,-9999,-9999,0,mpf,7000,500,-9999,-9999,300,300,300,410.298218,25,-4.675849,408.728607,410.548615,-1.820007,2.490291,2.50436,1.646284,0.58056,0.326341,-0.013051,0.214248,0.147444,100.512383,0.000649,2.40043,-0.000041,1,2.408421,-0.000039,1,0.60025,0.601702,0.107071,0,PSF-00232_20230611174227,PFA-00245,PSA-00257,PSF-00232,RHS-00222,2.0.0,2021-01-19T12:57:14.097Z
L,BigRiver,A,,5,17:42:42,6/11/23,Manual gsw+F,LI-COR Default,,5,,,0.476797,2.922993,0.40993,3.47864,1.43338,1.336122,2.272234,0.838854,13.267678,14.233459,22.563271,0.441786,PSF-00232_20230611174242,0,0,0,58.024048,266.638916,0.782387,0.5,0.8,13.783293,59.16,55.15,20.52,19.48,100.71,156.9,-13.9,108.9,44,4.019,17:41:23,6/11/23,-0.1,-0.011,-0.018,0.016,0.063,0.213,0.549,0,150,-9999,-9999,0,mpf,7000,500,-9999,-9999,300,300,300,258.737335,25,-5.37777,257.361542,258.933075,-1.571533,2.491201,2.505678,1.644671,0.577772,0.326343,-0.010935,0.215845,0.143788,58.024048,0.000653,2.40043,-0.000041,1,2.408421,-0.000039,1,0.60025,0.601702,0.107071,0,PSF-00232_20230611174242,PFA-00245,PSA-00257,PSF-00232,RHS-00222,2.0.0,2021-01-19T12:57:14.097Z
L,BigRiver,A,,6,17:43:04,6/11/23,Manual gsw+F,LI-COR Default,,6,,,0.433153,2.921648,0.377227,3.221619,1.415476,1.325287,2.259866,0.84439,13.159539,14.055079,22.439512,0.441786,PSF-00232_20230611174304,0,0,0,66.040634,280.984924,0.764967,0.5,0.8,12.020709,58.41,54.68,20.52,19.39,100.71,156.7,-14.3,109.1,39,4.019,17:41:23,6/11/23,-0.1,0.006,0.003,0.004,0.087,0.002,1.025,0,150,-9999,-9999,0,mpf,7000,500,-9999,-9999,300,300,300,272.654419,25,-5.691549,271.453857,272.829468,-1.37561,2.490542,2.504606,1.643256,0.577056,0.326278,-0.011959,0.218115,0.139822,66.040634,0.00066,2.40043,-0.000041,1,2.408421,-0.000039,1,0.60025,0.601702,0.107071,0,PSF-00232_20230611174304,PFA-00245,PSA-00257,PSF-00232,RHS-00222,2.0.0,2021-01-19T12:57:14.097Z
L,BigRiver,A,,7,17:43:37,6/11/23,Manual gsw+F,LI-COR Default,,7,,,0.497869,2.921735,0.425383,3.350241,1.451382,1.357638,2.230011,0.778629,13.481501,14.412392,22.144266,0.441786,PSF-00232_20230611174337,0,0,0,88.241455,395.162903,0.776696,0.5,0.8,9.747293,59.85,55.98,20.53,19.18,100.7,156.7,-13,108.3,31,4.018,17:41:23,6/11/23,-0.1,-0.003,-0.008,0.02,0.007,0.133,0.081,0,150,-9999,-9999,0,mpf,7000,500,-9999,-9999,300,300,300,387.16507,25,-5.437624,386.757019,387.371277,-0.614258,2.492376,2.50664,1.643348,0.579229,0.326134,-0.014433,0.221344,0.133227,88.241455,0.00065,2.40043,-0.000041,1,2.408421,-0.000039,1,0.60025,0.601702,0.107071,0,PSF-00232_20230611174337,PFA-00245,PSA-00257,PSF-00232,RHS-00222,2.0.0,2021-01-19T12:57:14.097Z
L,BigRiver,A,,8,17:43:58,6/11/23,Manual gsw+F,LI-COR Default,,8,,,0.464449,2.922314,0.400756,3.344102,1.454942,1.361412,2.279716,0.824774,13.51841,14.447137,22.636894,0.441786,PSF-00232_20230611174358,0,0,0,106.476906,423.523621,0.748593,0.5,0.8,16.839329,59.98,56.12,20.54,19.53,100.71,156.8,-13.3,108.5,56,4.018,17:41:23,6/11/23,-0.1,-0.003,-0.004,-0.008,0.558,1.074,2.867,0,150,-9999,-9999,0,mpf,7000,500,-9999,-9999,300,300,300,419.551483,25,-2.586408,418.126343,419.817535,-1.691193,2.492578,2.506829,1.643956,0.578797,0.32609,-0.01057,0.223372,0.153954,106.476906,0.000654,2.40043,-0.000041,1,2.408421,-0.000039,1,0.60025,0.601702,0.107071,0,PSF-00232_20230611174358,PFA-00245,PSA-00257,PSF-00232,RHS-00222,2.0.0,2021-01-19T12:57:14.097Z
L,BigRiver,A,,9,17:44:23,6/11/23,Manual gsw+F,LI-COR Default,,9,,,0.432338,2.921638,0.376608,3.166803,1.46991,1.381306,2.300865,0.830955,13.716259,14.596085,22.847404,0.441786,PSF-00232_20230611174423,0,0,0,94.149826,415.537628,0.773427,0.5,0.8,19.141682,60.58,56.93,20.54,19.68,100.71,156.7,-13.5,108.6,62,3.99,17:41:23,6/11/23,-0.1,0.001,-0.003,-0.071,0.227,0.438,1.018,0,150,-9999,-9999,0,mpf,7000,500,-9999,-9999,300,300,300,409.274689,25,-4.146234,408.698547,409.596466,-0.897919,2.493711,2.507673,1.643246,0.578527,0.326026,-0.008983,0.225658,0.158653,94.149826,0.000647,2.40043,-0.000041,1,2.408421,-0.000039,1,0.60025,0.601702,0.107071,0,PSF-00232_20230611174423,PFA-00245,PSA-00257,PSF-00232,RHS-00222,2.0.0,2021-01-19T12:57:14.097Z
D,BigRiver,A,,10,18:05:18,6/11/23,Manual gsw+F,LI-COR Default,,10,,,0.107779,2.920936,0.103944,1.501137,1.439411,1.397363,2.863108,1.423697,13.87195,14.289369,28.422745,0.441786,PSF-00232_20230611180518,0,0,0,101.757645,507.592712,0.799529,0.5,0.8,1.568908,57.04,55.38,21.18,23.25,100.73,156.6,-14,109,5,3.989,18:04:53,6/11/23,0.11,0.01,0.027,0.021,1.601,4.107,46.676,0,150,-9999,-9999,0,mpf,7000,500,-9999,-9999,300,300,300,480.001343,25,-18.456724,471.567383,481.145905,-9.578522,2.491351,2.502205,1.642509,0.577554,0.3178,0.024059,0.320161,0.111161,101.757645,0.000631,2.40043,-0.000041,1,2.408421,-0.000039,1,0.60025,0.601702,0.107071,0,PSF-00232_20230611180518,PFA-00245,PSA-00257,PSF-00232,RHS-00222,2.0.0,2021-01-19T12:57:14.097Z
D,BigRiver,A,,11,18:05:58,6/11/23,Manual gsw+F,LI-COR Default,,11,,,0.186063,2.922995,0.174928,1.794787,1.502858,1.452696,2.515837,1.012979,14.420389,14.918332,24.973812,0.441786,PSF-00232_20230611180558,0,0,0,108.762505,465.316071,0.766261,0.5,0.8,0.900245,59.48,57.49,21.2,21.13,100.74,156.9,-13.3,108.5,3,3.987,18:04:53,6/11/23,0.11,0.007,0.003,-0.021,0.247,0.584,1.271,0,150,-9999,-9999,0,mpf,7000,500,-9999,-9999,300,300,300,465.316071,25,1.342175,465.46698,467.239288,-1.772308,2.494334,2.50565,1.644673,0.578801,0.317527,-0.000316,0.322579,0.10952,108.762505,0.00064,2.40043,-0.000041,1,2.408421,-0.000039,1,0.60025,0.601702,0.107071,0,PSF-00232_20230611180558,PFA-00245,PSA-00257,PSF-00232,RHS-00222,2.0.0,2021-01-19T12:57:14.097Z
D,BigRiver,A,,12,18:06:40,6/11/23,Manual gsw+F,LI-COR Default,,12,,,0.234478,2.922705,0.217064,2.238501,1.519553,1.456979,2.537627,1.018073,14.461403,15.082488,25.187485,0.441786,PSF-00232_20230611180640,0,0,0,112.236496,511.368042,0.780517,0.5,0.8,8.779384,60.07,57.59,21.22,21.27,100.75,156.8,-11.2,107.1,28,3.985,18:04:53,6/11/23,0.11,0.003,0.002,-0.024,0.068,0.163,0.405,0,150,-9999,-9999,0,mpf,7000,500,-9999,-9999,300,300,300,505.565277,25,-4.679476,502.240051,504.662781,-2.422729,2.494467,2.506474,1.644368,0.5824,0.317271,0.001034,0.325099,0.130514,112.236496,0.000639,2.40043,-0.000041,1,2.408421,-0.000039,1,0.60025,0.601702,0.107071,0,PSF-00232_20230611180640,PFA-00245,PSA-00257,PSF-00232,RHS-00222,2.0.0,2021-01-19T12:57:14.097Z